tree_node_id	full_organism_name	RefSeq_accession_version	assembly_accession_version	taxid	bac_class	class_color	gene	start	end	strand	gene_color	gene_symbol_or_product	attributes_gff3
NP_418320.2_GCF_000005845.2	Escherichia coli str. K-12 substr. MG1655	NC_000913.3	GCF_000005845.2	511145	Gammaproteobacteria	#F8EDE3	ompL	4063603	4064295	reverse	#c6ff00	 ompL	ID=cds-NP_418311.1;Parent=gene-b3875;Dbxref=UniProtKB/Swiss-Prot:P76773,Genbank:NP_418311.1,ASAP:ABE-0012659,ECOCYC:G7814,GeneID:948366;Name=NP_418311.1;gbkey=CDS;gene=ompL;locus_tag=b3875;product=putative outer membrane porin L;protein_id=NP_418311.1;transl_table=11
NP_418320.2_GCF_000005845.2	Escherichia coli str. K-12 substr. MG1655	NC_000913.3	GCF_000005845.2	511145	Gammaproteobacteria	#F8EDE3	yihO	4064363	4065766	reverse	#26DC96	 yihO	ID=cds-YP_026275.1;Parent=gene-b3876;Dbxref=UniProtKB/Swiss-Prot:P32136,Genbank:YP_026275.1,ASAP:ABE-0012661,ECOCYC:EG11841,GeneID:948377;Name=YP_026275.1;gbkey=CDS;gene=yihO;locus_tag=b3876;product=putative sulfoquinovose transporter;protein_id=YP_026275.1;transl_table=11
NP_418320.2_GCF_000005845.2	Escherichia coli str. K-12 substr. MG1655	NC_000913.3	GCF_000005845.2	511145	Gammaproteobacteria	#F8EDE3	yihP	4065809	4067194	reverse	#1fada2	 yihP	ID=cds-NP_418313.4;Parent=gene-b3877;Dbxref=UniProtKB/Swiss-Prot:P32137,Genbank:NP_418313.4,ASAP:ABE-0012664,ECOCYC:EG11842,GeneID:948371;Name=NP_418313.4;gbkey=CDS;gene=yihP;locus_tag=b3877;product=putative 2%2C3-dihydroxypropane-1-sulfonate export protein;protein_id=NP_418313.4;transl_table=11
NP_418320.2_GCF_000005845.2	Escherichia coli str. K-12 substr. MG1655	NC_000913.3	GCF_000005845.2	511145	Gammaproteobacteria	#F8EDE3	yihQ	4067240	4069276	reverse	#FDF434	 yihQ	ID=cds-NP_418314.1;Parent=gene-b3878;Dbxref=UniProtKB/Swiss-Prot:P32138,Genbank:NP_418314.1,ASAP:ABE-0012666,ECOCYC:EG11843,GeneID:948376;Name=NP_418314.1;gbkey=CDS;gene=yihQ;locus_tag=b3878;product=sulfoquinovosidase;protein_id=NP_418314.1;transl_table=11
NP_418320.2_GCF_000005845.2	Escherichia coli str. K-12 substr. MG1655	NC_000913.3	GCF_000005845.2	511145	Gammaproteobacteria	#F8EDE3	yihR	4069475	4070401	reverse	#ffaafe	 yihR	ID=cds-NP_418315.3;Parent=gene-b3879;Dbxref=UniProtKB/Swiss-Prot:P32139,Genbank:NP_418315.3,ASAP:ABE-0012669,ECOCYC:EG11844,GeneID:948375;Name=NP_418315.3;gbkey=CDS;gene=yihR;locus_tag=b3879;product=putative sulfoquinovose mutarotase YihR;protein_id=NP_418315.3;transl_table=11
NP_418320.2_GCF_000005845.2	Escherichia coli str. K-12 substr. MG1655	NC_000913.3	GCF_000005845.2	511145	Gammaproteobacteria	#F8EDE3	yihS	4070515	4071756	reverse	#651fff	 yihS	ID=cds-NP_418316.4;Parent=gene-b3880;Dbxref=UniProtKB/Swiss-Prot:P32140,Genbank:NP_418316.4,ASAP:ABE-0012673,ECOCYC:EG11845,GeneID:948374;Name=NP_418316.4;gbkey=CDS;gene=yihS;locus_tag=b3880;product=sulfoquinovose isomerase;protein_id=NP_418316.4;transl_table=11
NP_418320.2_GCF_000005845.2	Escherichia coli str. K-12 substr. MG1655	NC_000913.3	GCF_000005845.2	511145	Gammaproteobacteria	#F8EDE3	yihT	4071773	4072651	reverse	#ffc400	 yihT	ID=cds-NP_418317.1;Parent=gene-b3881;Dbxref=UniProtKB/Swiss-Prot:P32141,Genbank:NP_418317.1,ASAP:ABE-0012675,ECOCYC:EG11846,GeneID:948373;Name=NP_418317.1;gbkey=CDS;gene=yihT;locus_tag=b3881;product=6-deoxy-6-sulfofructose-1-phosphate aldolase;protein_id=NP_418317.1;transl_table=11
NP_418320.2_GCF_000005845.2	Escherichia coli str. K-12 substr. MG1655	NC_000913.3	GCF_000005845.2	511145	Gammaproteobacteria	#F8EDE3	yihU	4072675	4073571	reverse	#d500f9	 yihU	ID=cds-NP_418318.1;Parent=gene-b3882;Dbxref=UniProtKB/Swiss-Prot:P0A9V8,Genbank:NP_418318.1,ASAP:ABE-0012678,ECOCYC:EG11847,GeneID:948372;Name=NP_418318.1;gbkey=CDS;gene=yihU;locus_tag=b3882;product=3-sulfolactaldehyde reductase;protein_id=NP_418318.1;transl_table=11
NP_418320.2_GCF_000005845.2	Escherichia coli str. K-12 substr. MG1655	NC_000913.3	GCF_000005845.2	511145	Gammaproteobacteria	#F8EDE3	yihV	4073739	4074635	forward	#00e5ff	 yihV	ID=cds-NP_418319.2;Parent=gene-b3883;Dbxref=UniProtKB/Swiss-Prot:P32143,Genbank:NP_418319.2,ASAP:ABE-0012681,ECOCYC:EG11848,GeneID:948382;Name=NP_418319.2;gbkey=CDS;gene=yihV;locus_tag=b3883;product=6-deoxy-6-sulfofructose kinase;protein_id=NP_418319.2;transl_table=11
NP_418320.2_GCF_000005845.2	Escherichia coli str. K-12 substr. MG1655	NC_000913.3	GCF_000005845.2	511145	Gammaproteobacteria	#F8EDE3	yihW	4074669	4075454	forward	#3d5afe	 csqR	ID=cds-NP_418320.2;Parent=gene-b3884;Dbxref=UniProtKB/Swiss-Prot:P32144,Genbank:NP_418320.2,ASAP:ABE-0012683,ECOCYC:EG11849,GeneID:948381;Name=NP_418320.2;gbkey=CDS;gene=csqR;locus_tag=b3884;product=DNA-binding transcriptional dual regulator CsqR;protein_id=NP_418320.2;transl_table=11
NP_312834.2_GCF_000008865.2	Escherichia coli O157:H7 str. Sakai str. Sakai substr. RIMD 0509952	NC_002695.2	GCF_000008865.2	386585	Gammaproteobacteria	#F8EDE3	ompL	4859529	4860287	reverse	#c6ff00	 ompL	ID=cds-NP_312824.3;Parent=gene-ECs_4797;Dbxref=Genbank:NP_312824.3,GeneID:915088;Name=NP_312824.3;gbkey=CDS;gene=ompL;locus_tag=ECs_4797;product=outer membrane porin L;protein_id=NP_312824.3;transl_table=11
NP_312834.2_GCF_000008865.2	Escherichia coli O157:H7 str. Sakai str. Sakai substr. RIMD 0509952	NC_002695.2	GCF_000008865.2	386585	Gammaproteobacteria	#F8EDE3	yihO	4860288	4861691	reverse	#26DC96	 yihO	ID=cds-NP_312825.1;Parent=gene-ECs_4798;Dbxref=Genbank:NP_312825.1,GeneID:915093;Name=NP_312825.1;gbkey=CDS;gene=yihO;locus_tag=ECs_4798;product=2%2C3-dihydroxypropane-1-sulfonate exporter;protein_id=NP_312825.1;transl_table=11
NP_312834.2_GCF_000008865.2	Escherichia coli O157:H7 str. Sakai str. Sakai substr. RIMD 0509952	NC_002695.2	GCF_000008865.2	386585	Gammaproteobacteria	#F8EDE3	yihP	4861734	4863119	reverse	#1fada2	 yihP	ID=cds-NP_312826.1;Parent=gene-ECs_4799;Dbxref=Genbank:NP_312826.1,GeneID:915096;Name=NP_312826.1;gbkey=CDS;gene=yihP;locus_tag=ECs_4799;product=2%2C3-dihydroxypropane-1-sulfonate exporter;protein_id=NP_312826.1;transl_table=11
NP_312834.2_GCF_000008865.2	Escherichia coli O157:H7 str. Sakai str. Sakai substr. RIMD 0509952	NC_002695.2	GCF_000008865.2	386585	Gammaproteobacteria	#F8EDE3	yihQ	4863165	4865201	reverse	#FDF434	 yihQ	ID=cds-NP_312827.1;Parent=gene-ECs_4800;Dbxref=Genbank:NP_312827.1,GeneID:915098;Name=NP_312827.1;gbkey=CDS;gene=yihQ;locus_tag=ECs_4800;product=alpha-glucosidase;protein_id=NP_312827.1;transl_table=11
NP_312834.2_GCF_000008865.2	Escherichia coli O157:H7 str. Sakai str. Sakai substr. RIMD 0509952	NC_002695.2	GCF_000008865.2	386585	Gammaproteobacteria	#F8EDE3	other	4865309	4866184	reverse	#ffffff	 hypothetical protein	ID=cds-NP_312828.1;Parent=gene-ECs_4801;Dbxref=Genbank:NP_312828.1,GeneID:915097;Name=NP_312828.1;gbkey=CDS;locus_tag=ECs_4801;product=hypothetical protein;protein_id=NP_312828.1;transl_table=11
NP_312834.2_GCF_000008865.2	Escherichia coli O157:H7 str. Sakai str. Sakai substr. RIMD 0509952	NC_002695.2	GCF_000008865.2	386585	Gammaproteobacteria	#F8EDE3	yihR	4866245	4867147	reverse	#ffaafe	 yihR	ID=cds-NP_312829.1;Parent=gene-ECs_4802;Dbxref=Genbank:NP_312829.1,GeneID:915089;Name=NP_312829.1;gbkey=CDS;gene=yihR;locus_tag=ECs_4802;product=sulfoquinovose mutarotase;protein_id=NP_312829.1;transl_table=11
NP_312834.2_GCF_000008865.2	Escherichia coli O157:H7 str. Sakai str. Sakai substr. RIMD 0509952	NC_002695.2	GCF_000008865.2	386585	Gammaproteobacteria	#F8EDE3	yihS	4867214	4868455	reverse	#651fff	 yihS	ID=cds-NP_312830.1;Parent=gene-ECs_4803;Dbxref=Genbank:NP_312830.1,GeneID:915091;Name=NP_312830.1;gbkey=CDS;gene=yihS;locus_tag=ECs_4803;product=sulfoquinovose isomerase;protein_id=NP_312830.1;transl_table=11
NP_312834.2_GCF_000008865.2	Escherichia coli O157:H7 str. Sakai str. Sakai substr. RIMD 0509952	NC_002695.2	GCF_000008865.2	386585	Gammaproteobacteria	#F8EDE3	yihT	4868471	4869349	reverse	#ffc400	 yihT	ID=cds-NP_312831.1;Parent=gene-ECs_4804;Dbxref=Genbank:NP_312831.1,GeneID:915094;Name=NP_312831.1;gbkey=CDS;gene=yihT;locus_tag=ECs_4804;product=6-deoxy-6-sulfofructose-1-phosphate aldolase;protein_id=NP_312831.1;transl_table=11
NP_312834.2_GCF_000008865.2	Escherichia coli O157:H7 str. Sakai str. Sakai substr. RIMD 0509952	NC_002695.2	GCF_000008865.2	386585	Gammaproteobacteria	#F8EDE3	yihU	4869373	4870269	reverse	#d500f9	 yihU	ID=cds-NP_312832.1;Parent=gene-ECs_4805;Dbxref=Genbank:NP_312832.1,GeneID:915095;Name=NP_312832.1;gbkey=CDS;gene=yihU;locus_tag=ECs_4805;product=3-sulfolactaldehyde reductase;protein_id=NP_312832.1;transl_table=11
NP_312834.2_GCF_000008865.2	Escherichia coli O157:H7 str. Sakai str. Sakai substr. RIMD 0509952	NC_002695.2	GCF_000008865.2	386585	Gammaproteobacteria	#F8EDE3	yihV	4870437	4871333	forward	#00e5ff	 yihV	ID=cds-NP_312833.2;Parent=gene-ECs_4806;Dbxref=Genbank:NP_312833.2,GeneID:916219;Name=NP_312833.2;gbkey=CDS;gene=yihV;locus_tag=ECs_4806;product=6-deoxy-6-sulfofructose kinase;protein_id=NP_312833.2;transl_table=11
NP_312834.2_GCF_000008865.2	Escherichia coli O157:H7 str. Sakai str. Sakai substr. RIMD 0509952	NC_002695.2	GCF_000008865.2	386585	Gammaproteobacteria	#F8EDE3	yihW	4871367	4872152	forward	#3d5afe	 yihW	ID=cds-NP_312834.2;Parent=gene-ECs_4807;Dbxref=Genbank:NP_312834.2,GeneID:915075;Name=NP_312834.2;gbkey=CDS;gene=yihW;locus_tag=ECs_4807;product=transcriptional regulator;protein_id=NP_312834.2;transl_table=11
WP_012133927.1_GCF_000018045.1	Citrobacter koseri ATCC BAA-895	NC_009792.1	GCF_000018045.1	290338	Gammaproteobacteria	#F8EDE3	yihW	2897627	2898430	reverse	#3d5afe	 DeoR/GlpR family DNA-binding transcription regulator	ID=cds-WP_012133927.1;Parent=gene-CKO_RS13365;Dbxref=Genbank:WP_012133927.1,GeneID:45136922;Name=WP_012133927.1;gbkey=CDS;inference=COORDINATES: similar to AA sequence:RefSeq:WP_016155173.1;locus_tag=CKO_RS13365;product=DeoR/GlpR family DNA-binding transcription regulator;protein_id=WP_012133927.1;transl_table=11
WP_012133927.1_GCF_000018045.1	Citrobacter koseri ATCC BAA-895	NC_009792.1	GCF_000018045.1	290338	Gammaproteobacteria	#F8EDE3	yihV	2898463	2899359	reverse	#00e5ff	 sugar kinase	ID=cds-WP_024130673.1;Parent=gene-CKO_RS13370;Dbxref=Genbank:WP_024130673.1,GeneID:45136923;Name=WP_024130673.1;gbkey=CDS;inference=COORDINATES: similar to AA sequence:RefSeq:NP_462904.3;locus_tag=CKO_RS13370;product=sugar kinase;protein_id=WP_024130673.1;transl_table=11
WP_012133927.1_GCF_000018045.1	Citrobacter koseri ATCC BAA-895	NC_009792.1	GCF_000018045.1	290338	Gammaproteobacteria	#F8EDE3	yihU	2899526	2900422	forward	#d500f9	 yihU	ID=cds-WP_024130674.1;Parent=gene-CKO_RS13375;Dbxref=Genbank:WP_024130674.1,GeneID:45136924;Name=WP_024130674.1;gbkey=CDS;gene=yihU;inference=COORDINATES: similar to AA sequence:RefSeq:WP_012907862.1;locus_tag=CKO_RS13375;product=sulfolactaldehyde 3-reductase;protein_id=WP_024130674.1;transl_table=11
WP_012133927.1_GCF_000018045.1	Citrobacter koseri ATCC BAA-895	NC_009792.1	GCF_000018045.1	290338	Gammaproteobacteria	#F8EDE3	yihT	2900445	2901323	forward	#ffc400	 yihT	ID=cds-WP_012133930.1;Parent=gene-CKO_RS13380;Dbxref=Genbank:WP_012133930.1,GeneID:45136925;Name=WP_012133930.1;gbkey=CDS;gene=yihT;inference=COORDINATES: similar to AA sequence:RefSeq:NP_462902.1;locus_tag=CKO_RS13380;product=sulfofructosephosphate aldolase;protein_id=WP_012133930.1;transl_table=11
WP_012133927.1_GCF_000018045.1	Citrobacter koseri ATCC BAA-895	NC_009792.1	GCF_000018045.1	290338	Gammaproteobacteria	#F8EDE3	yihS	2901339	2902580	forward	#651fff	 yihS	ID=cds-WP_012133931.1;Parent=gene-CKO_RS13385;Dbxref=Genbank:WP_012133931.1,GeneID:45136926;Name=WP_012133931.1;gbkey=CDS;gene=yihS;inference=COORDINATES: similar to AA sequence:RefSeq:NP_462901.1;locus_tag=CKO_RS13385;product=sulfoquinovose isomerase;protein_id=WP_012133931.1;transl_table=11
WP_012133927.1_GCF_000018045.1	Citrobacter koseri ATCC BAA-895	NC_009792.1	GCF_000018045.1	290338	Gammaproteobacteria	#F8EDE3	other	2902691	2904715	forward	#ffffff	pseudo alpha-glucosidase	ID=cds-CKO_RS13390;Parent=gene-CKO_RS13390;Dbxref=GeneID:45136927;Note=internal stop;gbkey=CDS;inference=COORDINATES: similar to AA sequence:RefSeq:NP_462899.1;locus_tag=CKO_RS13390;product=alpha-glucosidase;pseudo=true;transl_table=11
WP_012133927.1_GCF_000018045.1	Citrobacter koseri ATCC BAA-895	NC_009792.1	GCF_000018045.1	290338	Gammaproteobacteria	#F8EDE3	yihP	2904761	2906143	forward	#1fada2	 MFS transporter	ID=cds-WP_012133934.1;Parent=gene-CKO_RS13395;Dbxref=Genbank:WP_012133934.1,GeneID:45136928;Name=WP_012133934.1;gbkey=CDS;inference=COORDINATES: similar to AA sequence:RefSeq:WP_014885756.1;locus_tag=CKO_RS13395;product=MFS transporter;protein_id=WP_012133934.1;transl_table=11
WP_012133927.1_GCF_000018045.1	Citrobacter koseri ATCC BAA-895	NC_009792.1	GCF_000018045.1	290338	Gammaproteobacteria	#F8EDE3	yihO	2906189	2907583	forward	#26DC96	 MFS transporter	ID=cds-WP_012133935.1;Parent=gene-CKO_RS13400;Dbxref=Genbank:WP_012133935.1,GeneID:45136929;Name=WP_012133935.1;gbkey=CDS;inference=COORDINATES: similar to AA sequence:RefSeq:WP_004855840.1;locus_tag=CKO_RS13400;product=MFS transporter;protein_id=WP_012133935.1;transl_table=11
WP_012133927.1_GCF_000018045.1	Citrobacter koseri ATCC BAA-895	NC_009792.1	GCF_000018045.1	290338	Gammaproteobacteria	#F8EDE3	ompL	2907672	2908364	forward	#c6ff00	 ompL	ID=cds-WP_024130675.1;Parent=gene-CKO_RS13405;Dbxref=Genbank:WP_024130675.1,GeneID:45136930;Name=WP_024130675.1;gbkey=CDS;gene=ompL;inference=COORDINATES: similar to AA sequence:RefSeq:NP_462896.1;locus_tag=CKO_RS13405;product=porin OmpL;protein_id=WP_024130675.1;transl_table=11
WP_141118340.1_GCF_000233595.1	Pantoea ananatis PA13	NC_017554.1	GCF_000233595.1	1095774	Gammaproteobacteria	#F8EDE3	yihW	576297	577094	reverse	#3d5afe	 DeoR/GlpR family DNA-binding transcription regulator	ID=cds-WP_141118340.1;Parent=gene-PAGR_RS02780;Dbxref=Genbank:WP_141118340.1,GeneID:57266610;Name=WP_141118340.1;gbkey=CDS;inference=COORDINATES: similar to AA sequence:RefSeq:WP_003861944.1;locus_tag=PAGR_RS02780;product=DeoR/GlpR family DNA-binding transcription regulator;protein_id=WP_141118340.1;transl_table=11
WP_141118340.1_GCF_000233595.1	Pantoea ananatis PA13	NC_017554.1	GCF_000233595.1	1095774	Gammaproteobacteria	#F8EDE3	yihV	577129	578025	reverse	#00e5ff	 sugar kinase	ID=cds-WP_013027367.1;Parent=gene-PAGR_RS02785;Dbxref=Genbank:WP_013027367.1,GeneID:57266611;Name=WP_013027367.1;gbkey=CDS;inference=COORDINATES: similar to AA sequence:RefSeq:WP_000621656.1;locus_tag=PAGR_RS02785;product=sugar kinase;protein_id=WP_013027367.1;transl_table=11
WP_141118340.1_GCF_000233595.1	Pantoea ananatis PA13	NC_017554.1	GCF_000233595.1	1095774	Gammaproteobacteria	#F8EDE3	yihU	578191	579087	forward	#d500f9	 yihU	ID=cds-WP_014604914.1;Parent=gene-PAGR_RS02790;Dbxref=Genbank:WP_014604914.1,GeneID:57266612;Name=WP_014604914.1;Ontology_term=GO:0016491;gbkey=CDS;gene=yihU;go_function=oxidoreductase activity|0016491||IEA;inference=COORDINATES: similar to AA sequence:RefSeq:WP_013027366.1;locus_tag=PAGR_RS02790;product=sulfolactaldehyde 3-reductase;protein_id=WP_014604914.1;transl_table=11
WP_141118340.1_GCF_000233595.1	Pantoea ananatis PA13	NC_017554.1	GCF_000233595.1	1095774	Gammaproteobacteria	#F8EDE3	yihT	579111	579986	forward	#ffc400	 yihT	ID=cds-WP_014604915.1;Parent=gene-PAGR_RS02795;Dbxref=Genbank:WP_014604915.1,GeneID:57266613;Name=WP_014604915.1;gbkey=CDS;gene=yihT;inference=COORDINATES: similar to AA sequence:RefSeq:WP_014172242.1;locus_tag=PAGR_RS02795;product=sulfofructosephosphate aldolase;protein_id=WP_014604915.1;transl_table=11
WP_141118340.1_GCF_000233595.1	Pantoea ananatis PA13	NC_017554.1	GCF_000233595.1	1095774	Gammaproteobacteria	#F8EDE3	yihS	580000	581241	forward	#651fff	 yihS	ID=cds-WP_014604916.1;Parent=gene-PAGR_RS02800;Dbxref=Genbank:WP_014604916.1,GeneID:57266614;Name=WP_014604916.1;gbkey=CDS;gene=yihS;inference=COORDINATES: similar to AA sequence:RefSeq:NP_462901.1;locus_tag=PAGR_RS02800;product=sulfoquinovose isomerase;protein_id=WP_014604916.1;transl_table=11
WP_141118340.1_GCF_000233595.1	Pantoea ananatis PA13	NC_017554.1	GCF_000233595.1	1095774	Gammaproteobacteria	#F8EDE3	yihR	581275	582123	forward	#ffaafe	 aldose-1-epimerase	ID=cds-WP_014604917.1;Parent=gene-PAGR_RS02805;Dbxref=Genbank:WP_014604917.1,GeneID:57266615;Name=WP_014604917.1;gbkey=CDS;inference=COORDINATES: similar to AA sequence:RefSeq:WP_013027363.1;locus_tag=PAGR_RS02805;product=aldose-1-epimerase;protein_id=WP_014604917.1;transl_table=11
WP_141118340.1_GCF_000233595.1	Pantoea ananatis PA13	NC_017554.1	GCF_000233595.1	1095774	Gammaproteobacteria	#F8EDE3	yihQ	582158	584215	forward	#FDF434	 alpha-glucosidase	ID=cds-WP_014604918.1;Parent=gene-PAGR_RS02810;Dbxref=Genbank:WP_014604918.1,GeneID:57266616;Name=WP_014604918.1;Ontology_term=GO:0004553;gbkey=CDS;go_function=hydrolase activity%2C hydrolyzing O-glycosyl compounds|0004553||IEA;inference=COORDINATES: similar to AA sequence:RefSeq:WP_019104895.1;locus_tag=PAGR_RS02810;product=alpha-glucosidase;protein_id=WP_014604918.1;transl_table=11
WP_141118340.1_GCF_000233595.1	Pantoea ananatis PA13	NC_017554.1	GCF_000233595.1	1095774	Gammaproteobacteria	#F8EDE3	other	584230	585123	forward	#ffffff	 sulfite exporter TauE/SafE family protein	ID=cds-WP_014604919.1;Parent=gene-PAGR_RS02815;Dbxref=Genbank:WP_014604919.1,GeneID:57266617;Name=WP_014604919.1;gbkey=CDS;inference=COORDINATES: similar to AA sequence:RefSeq:WP_014604919.1;locus_tag=PAGR_RS02815;product=sulfite exporter TauE/SafE family protein;protein_id=WP_014604919.1;transl_table=11
WP_141118340.1_GCF_000233595.1	Pantoea ananatis PA13	NC_017554.1	GCF_000233595.1	1095774	Gammaproteobacteria	#F8EDE3	yihP	585170	586564	forward	#1fada2	 MFS transporter	ID=cds-WP_014594701.1;Parent=gene-PAGR_RS02820;Dbxref=Genbank:WP_014594701.1,GeneID:57266618;Name=WP_014594701.1;gbkey=CDS;inference=COORDINATES: similar to AA sequence:RefSeq:WP_014594701.1;locus_tag=PAGR_RS02820;product=MFS transporter;protein_id=WP_014594701.1;transl_table=11
WP_141118340.1_GCF_000233595.1	Pantoea ananatis PA13	NC_017554.1	GCF_000233595.1	1095774	Gammaproteobacteria	#F8EDE3	yihO	586610	588046	forward	#26DC96	 MFS transporter	ID=cds-WP_014604920.1;Parent=gene-PAGR_RS02825;Dbxref=Genbank:WP_014604920.1,GeneID:57266619;Name=WP_014604920.1;gbkey=CDS;inference=COORDINATES: similar to AA sequence:RefSeq:WP_014604920.1;locus_tag=PAGR_RS02825;product=MFS transporter;protein_id=WP_014604920.1;transl_table=11
WP_000059686.1_GCF_000439255.1	Salmonella bongori N268-08	NC_021870.1	GCF_000439255.1	1197719	Gammaproteobacteria	#F8EDE3	ompL	4058981	4059673	reverse	#c6ff00	 ompL	ID=cds-WP_000838820.1;Parent=gene-A464_RS19590;Dbxref=Genbank:WP_000838820.1,GeneID:66758286;Name=WP_000838820.1;gbkey=CDS;gene=ompL;inference=COORDINATES: similar to AA sequence:RefSeq:NP_462896.1;locus_tag=A464_RS19590;product=porin OmpL;protein_id=WP_000838820.1;transl_table=11
WP_000059686.1_GCF_000439255.1	Salmonella bongori N268-08	NC_021870.1	GCF_000439255.1	1197719	Gammaproteobacteria	#F8EDE3	yihO	4059741	4061162	reverse	#26DC96	 MFS transporter	ID=cds-WP_020845716.1;Parent=gene-A464_RS19595;Dbxref=Genbank:WP_020845716.1,GeneID:66758287;Name=WP_020845716.1;gbkey=CDS;inference=COORDINATES: similar to AA sequence:RefSeq:NP_462897.1;locus_tag=A464_RS19595;product=MFS transporter;protein_id=WP_020845716.1;transl_table=11
WP_000059686.1_GCF_000439255.1	Salmonella bongori N268-08	NC_021870.1	GCF_000439255.1	1197719	Gammaproteobacteria	#F8EDE3	yihP	4061208	4062590	reverse	#1fada2	 MFS transporter	ID=cds-WP_000084254.1;Parent=gene-A464_RS19600;Dbxref=Genbank:WP_000084254.1,GeneID:66758288;Name=WP_000084254.1;gbkey=CDS;inference=COORDINATES: similar to AA sequence:RefSeq:NP_462898.1;locus_tag=A464_RS19600;product=MFS transporter;protein_id=WP_000084254.1;transl_table=11
WP_000059686.1_GCF_000439255.1	Salmonella bongori N268-08	NC_021870.1	GCF_000439255.1	1197719	Gammaproteobacteria	#F8EDE3	yihQ	4062636	4064672	reverse	#FDF434	 alpha-glucosidase	ID=cds-WP_020845717.1;Parent=gene-A464_RS19605;Dbxref=Genbank:WP_020845717.1,GeneID:66758289;Name=WP_020845717.1;gbkey=CDS;inference=COORDINATES: similar to AA sequence:RefSeq:NP_462899.1;locus_tag=A464_RS19605;product=alpha-glucosidase;protein_id=WP_020845717.1;transl_table=11
WP_000059686.1_GCF_000439255.1	Salmonella bongori N268-08	NC_021870.1	GCF_000439255.1	1197719	Gammaproteobacteria	#F8EDE3	yihR	4064716	4065573	reverse	#ffaafe	 aldose-1-epimerase	ID=cds-WP_024143461.1;Parent=gene-A464_RS19610;Dbxref=Genbank:WP_024143461.1,GeneID:66758290;Name=WP_024143461.1;gbkey=CDS;inference=COORDINATES: similar to AA sequence:RefSeq:NP_462900.3;locus_tag=A464_RS19610;product=aldose-1-epimerase;protein_id=WP_024143461.1;transl_table=11
WP_000059686.1_GCF_000439255.1	Salmonella bongori N268-08	NC_021870.1	GCF_000439255.1	1197719	Gammaproteobacteria	#F8EDE3	yihS	4065577	4066818	reverse	#651fff	 yihS	ID=cds-WP_020845719.1;Parent=gene-A464_RS19615;Dbxref=Genbank:WP_020845719.1,GeneID:66758291;Name=WP_020845719.1;gbkey=CDS;gene=yihS;inference=COORDINATES: similar to AA sequence:RefSeq:NP_462901.1;locus_tag=A464_RS19615;product=sulfoquinovose isomerase;protein_id=WP_020845719.1;transl_table=11
WP_000059686.1_GCF_000439255.1	Salmonella bongori N268-08	NC_021870.1	GCF_000439255.1	1197719	Gammaproteobacteria	#F8EDE3	yihT	4066834	4067712	reverse	#ffc400	 yihT	ID=cds-WP_001067406.1;Parent=gene-A464_RS19620;Dbxref=Genbank:WP_001067406.1,GeneID:66758292;Name=WP_001067406.1;gbkey=CDS;gene=yihT;inference=COORDINATES: similar to AA sequence:RefSeq:NP_462902.1;locus_tag=A464_RS19620;product=sulfofructosephosphate aldolase;protein_id=WP_001067406.1;transl_table=11
WP_000059686.1_GCF_000439255.1	Salmonella bongori N268-08	NC_021870.1	GCF_000439255.1	1197719	Gammaproteobacteria	#F8EDE3	yihU	4067735	4068631	reverse	#d500f9	 yihU	ID=cds-WP_020845720.1;Parent=gene-A464_RS19625;Dbxref=Genbank:WP_020845720.1,GeneID:66758293;Name=WP_020845720.1;gbkey=CDS;gene=yihU;inference=COORDINATES: similar to AA sequence:RefSeq:NP_462903.1;locus_tag=A464_RS19625;product=sulfolactaldehyde 3-reductase;protein_id=WP_020845720.1;transl_table=11
WP_000059686.1_GCF_000439255.1	Salmonella bongori N268-08	NC_021870.1	GCF_000439255.1	1197719	Gammaproteobacteria	#F8EDE3	yihV	4068798	4069694	forward	#00e5ff	 sugar kinase	ID=cds-WP_020845721.1;Parent=gene-A464_RS19630;Dbxref=Genbank:WP_020845721.1,GeneID:66758294;Name=WP_020845721.1;gbkey=CDS;inference=COORDINATES: similar to AA sequence:RefSeq:NP_462904.3;locus_tag=A464_RS19630;product=sugar kinase;protein_id=WP_020845721.1;transl_table=11
WP_000059686.1_GCF_000439255.1	Salmonella bongori N268-08	NC_021870.1	GCF_000439255.1	1197719	Gammaproteobacteria	#F8EDE3	yihW	4069728	4070531	forward	#3d5afe	 DeoR/GlpR family DNA-binding transcription regulator	ID=cds-WP_000059686.1;Parent=gene-A464_RS19635;Dbxref=Genbank:WP_000059686.1,GeneID:66758295;Name=WP_000059686.1;gbkey=CDS;inference=COORDINATES: similar to AA sequence:RefSeq:WP_016155173.1;locus_tag=A464_RS19635;product=DeoR/GlpR family DNA-binding transcription regulator;protein_id=WP_000059686.1;transl_table=11
WP_024484841.1_GCF_001006005.1	Serratia fonticola str. DSM 4576	NZ_CP011254.1	GCF_001006005.1	47917	Gammaproteobacteria	#F8EDE3	ompL	330698	331417	reverse	#c6ff00	 ompL	ID=cds-WP_024484832.1;Parent=gene-WN53_RS01410;Dbxref=Genbank:WP_024484832.1,GeneID:30318807;Name=WP_024484832.1;gbkey=CDS;gene=ompL;inference=COORDINATES: similar to AA sequence:RefSeq:WP_008814768.1;locus_tag=WN53_RS01410;product=porin OmpL;protein_id=WP_024484832.1;transl_table=11
WP_024484841.1_GCF_001006005.1	Serratia fonticola str. DSM 4576	NZ_CP011254.1	GCF_001006005.1	47917	Gammaproteobacteria	#F8EDE3	yihO	331522	332958	reverse	#26DC96	 MFS transporter	ID=cds-WP_024484833.1;Parent=gene-WN53_RS01415;Dbxref=Genbank:WP_024484833.1,GeneID:30318808;Name=WP_024484833.1;gbkey=CDS;inference=COORDINATES: similar to AA sequence:RefSeq:NP_462897.1;locus_tag=WN53_RS01415;product=MFS transporter;protein_id=WP_024484833.1;transl_table=11
WP_024484841.1_GCF_001006005.1	Serratia fonticola str. DSM 4576	NZ_CP011254.1	GCF_001006005.1	47917	Gammaproteobacteria	#F8EDE3	yihP	333165	334562	reverse	#1fada2	 MFS transporter	ID=cds-WP_024484834.1;Parent=gene-WN53_RS01420;Dbxref=Genbank:WP_024484834.1,GeneID:30318809;Name=WP_024484834.1;gbkey=CDS;inference=COORDINATES: similar to AA sequence:RefSeq:WP_004093385.1;locus_tag=WN53_RS01420;product=MFS transporter;protein_id=WP_024484834.1;transl_table=11
WP_024484841.1_GCF_001006005.1	Serratia fonticola str. DSM 4576	NZ_CP011254.1	GCF_001006005.1	47917	Gammaproteobacteria	#F8EDE3	yihQ	334643	336670	reverse	#FDF434	 alpha-glucosidase	ID=cds-WP_024484835.1;Parent=gene-WN53_RS01425;Dbxref=Genbank:WP_024484835.1,GeneID:30318810;Name=WP_024484835.1;gbkey=CDS;inference=COORDINATES: similar to AA sequence:RefSeq:WP_004708081.1;locus_tag=WN53_RS01425;product=alpha-glucosidase;protein_id=WP_024484835.1;transl_table=11
WP_024484841.1_GCF_001006005.1	Serratia fonticola str. DSM 4576	NZ_CP011254.1	GCF_001006005.1	47917	Gammaproteobacteria	#F8EDE3	other	336725	338068	reverse	#ffffff	 L-fucose/L-arabinose isomerase family protein	ID=cds-WP_024484836.1;Parent=gene-WN53_RS01430;Dbxref=Genbank:WP_024484836.1,GeneID:30318811;Name=WP_024484836.1;gbkey=CDS;inference=COORDINATES: similar to AA sequence:RefSeq:WP_008814764.1;locus_tag=WN53_RS01430;product=L-fucose/L-arabinose isomerase family protein;protein_id=WP_024484836.1;transl_table=11
WP_024484841.1_GCF_001006005.1	Serratia fonticola str. DSM 4576	NZ_CP011254.1	GCF_001006005.1	47917	Gammaproteobacteria	#F8EDE3	other	338096	339139	reverse	#ffffff	 galactose mutarotase	ID=cds-WP_024484837.1;Parent=gene-WN53_RS01435;Dbxref=Genbank:WP_024484837.1,GeneID:30318812;Name=WP_024484837.1;gbkey=CDS;inference=COORDINATES: similar to AA sequence:RefSeq:WP_004093390.1;locus_tag=WN53_RS01435;product=galactose mutarotase;protein_id=WP_024484837.1;transl_table=11
WP_024484841.1_GCF_001006005.1	Serratia fonticola str. DSM 4576	NZ_CP011254.1	GCF_001006005.1	47917	Gammaproteobacteria	#F8EDE3	other	339187	340050	reverse	#ffffff	 class II fructose-bisphosphate aldolase	ID=cds-WP_024484838.1;Parent=gene-WN53_RS01440;Dbxref=Genbank:WP_024484838.1,GeneID:30318813;Name=WP_024484838.1;gbkey=CDS;inference=COORDINATES: similar to AA sequence:RefSeq:WP_004701052.1;locus_tag=WN53_RS01440;product=class II fructose-bisphosphate aldolase;protein_id=WP_024484838.1;transl_table=11
WP_024484841.1_GCF_001006005.1	Serratia fonticola str. DSM 4576	NZ_CP011254.1	GCF_001006005.1	47917	Gammaproteobacteria	#F8EDE3	yihU	340099	340989	reverse	#d500f9	 yihU	ID=cds-WP_024484839.1;Parent=gene-WN53_RS01445;Dbxref=Genbank:WP_024484839.1,GeneID:30318814;Name=WP_024484839.1;gbkey=CDS;gene=yihU;inference=COORDINATES: similar to AA sequence:RefSeq:WP_012907862.1;locus_tag=WN53_RS01445;product=sulfolactaldehyde 3-reductase;protein_id=WP_024484839.1;transl_table=11
WP_024484841.1_GCF_001006005.1	Serratia fonticola str. DSM 4576	NZ_CP011254.1	GCF_001006005.1	47917	Gammaproteobacteria	#F8EDE3	yihV	341214	342110	forward	#00e5ff	 sugar kinase	ID=cds-WP_024484840.1;Parent=gene-WN53_RS01450;Dbxref=Genbank:WP_024484840.1,GeneID:30318815;Name=WP_024484840.1;gbkey=CDS;inference=COORDINATES: similar to AA sequence:RefSeq:WP_008814760.1;locus_tag=WN53_RS01450;product=sugar kinase;protein_id=WP_024484840.1;transl_table=11
WP_024484841.1_GCF_001006005.1	Serratia fonticola str. DSM 4576	NZ_CP011254.1	GCF_001006005.1	47917	Gammaproteobacteria	#F8EDE3	yihW	342147	342947	forward	#3d5afe	 DeoR/GlpR family DNA-binding transcription regulator	ID=cds-WP_024484841.1;Parent=gene-WN53_RS01455;Dbxref=Genbank:WP_024484841.1,GeneID:30318816;Name=WP_024484841.1;gbkey=CDS;inference=COORDINATES: similar to AA sequence:RefSeq:WP_004701058.1;locus_tag=WN53_RS01455;product=DeoR/GlpR family DNA-binding transcription regulator;protein_id=WP_024484841.1;transl_table=11
WP_047372424.1_GCF_001022135.1	Phytobacter ursingii str. CAV1151	NZ_CP011602.1	GCF_001022135.1	1972431	Gammaproteobacteria	#F8EDE3	other	4527846	4528751	reverse	#ffffff	 aldose epimerase	ID=cds-WP_047372417.1;Parent=gene-AB182_RS24920;Dbxref=Genbank:WP_047372417.1;Name=WP_047372417.1;gbkey=CDS;inference=COORDINATES: similar to AA sequence:RefSeq:WP_008786996.1;locus_tag=AB182_RS24920;product=aldose epimerase;protein_id=WP_047372417.1;transl_table=11
WP_047372424.1_GCF_001022135.1	Phytobacter ursingii str. CAV1151	NZ_CP011602.1	GCF_001022135.1	1972431	Gammaproteobacteria	#F8EDE3	other	4528741	4530114	reverse	#ffffff	 MHS family MFS transporter	ID=cds-WP_047372418.1;Parent=gene-AB182_RS24925;Dbxref=Genbank:WP_047372418.1;Name=WP_047372418.1;gbkey=CDS;inference=COORDINATES: similar to AA sequence:RefSeq:WP_001291189.1;locus_tag=AB182_RS24925;product=MHS family MFS transporter;protein_id=WP_047372418.1;transl_table=11
WP_047372424.1_GCF_001022135.1	Phytobacter ursingii str. CAV1151	NZ_CP011602.1	GCF_001022135.1	1972431	Gammaproteobacteria	#F8EDE3	other	4530209	4531636	reverse	#ffffff	 MFS transporter	ID=cds-WP_047372419.1;Parent=gene-AB182_RS24930;Dbxref=Genbank:WP_047372419.1;Name=WP_047372419.1;gbkey=CDS;inference=COORDINATES: similar to AA sequence:RefSeq:WP_016246439.1;locus_tag=AB182_RS24930;product=MFS transporter;protein_id=WP_047372419.1;transl_table=11
WP_047372424.1_GCF_001022135.1	Phytobacter ursingii str. CAV1151	NZ_CP011602.1	GCF_001022135.1	1972431	Gammaproteobacteria	#F8EDE3	other	4531706	4532716	reverse	#ffffff	 Zn-dependent alcohol dehydrogenase	ID=cds-WP_047372420.1;Parent=gene-AB182_RS24935;Dbxref=Genbank:WP_047372420.1;Name=WP_047372420.1;gbkey=CDS;inference=COORDINATES: similar to AA sequence:RefSeq:WP_002436643.1;locus_tag=AB182_RS24935;product=Zn-dependent alcohol dehydrogenase;protein_id=WP_047372420.1;transl_table=11
WP_047372424.1_GCF_001022135.1	Phytobacter ursingii str. CAV1151	NZ_CP011602.1	GCF_001022135.1	1972431	Gammaproteobacteria	#F8EDE3	yihT	4532749	4533627	reverse	#ffc400	 aldolase	ID=cds-WP_167337922.1;Parent=gene-AB182_RS24940;Dbxref=Genbank:WP_167337922.1;Name=WP_167337922.1;gbkey=CDS;inference=COORDINATES: similar to AA sequence:RefSeq:WP_013365256.1;locus_tag=AB182_RS24940;product=aldolase;protein_id=WP_167337922.1;transl_table=11
WP_047372424.1_GCF_001022135.1	Phytobacter ursingii str. CAV1151	NZ_CP011602.1	GCF_001022135.1	1972431	Gammaproteobacteria	#F8EDE3	yihU	4533661	4534551	reverse	#d500f9	 yihU	ID=cds-WP_047372422.1;Parent=gene-AB182_RS24945;Dbxref=Genbank:WP_047372422.1;Name=WP_047372422.1;gbkey=CDS;gene=yihU;inference=COORDINATES: similar to AA sequence:RefSeq:WP_016157867.1;locus_tag=AB182_RS24945;product=sulfolactaldehyde 3-reductase;protein_id=WP_047372422.1;transl_table=11
WP_047372424.1_GCF_001022135.1	Phytobacter ursingii str. CAV1151	NZ_CP011602.1	GCF_001022135.1	1972431	Gammaproteobacteria	#F8EDE3	yihV	4534724	4535620	forward	#00e5ff	 sugar kinase	ID=cds-WP_047372423.1;Parent=gene-AB182_RS24950;Dbxref=Genbank:WP_047372423.1;Name=WP_047372423.1;gbkey=CDS;inference=COORDINATES: similar to AA sequence:RefSeq:WP_000196715.1;locus_tag=AB182_RS24950;product=sugar kinase;protein_id=WP_047372423.1;transl_table=11
WP_047372424.1_GCF_001022135.1	Phytobacter ursingii str. CAV1151	NZ_CP011602.1	GCF_001022135.1	1972431	Gammaproteobacteria	#F8EDE3	yihW	4535659	4536447	forward	#3d5afe	 DeoR/GlpR family DNA-binding transcription regulator	ID=cds-WP_047372424.1;Parent=gene-AB182_RS24955;Dbxref=Genbank:WP_047372424.1;Name=WP_047372424.1;gbkey=CDS;inference=COORDINATES: similar to AA sequence:RefSeq:WP_000022208.1;locus_tag=AB182_RS24955;product=DeoR/GlpR family DNA-binding transcription regulator;protein_id=WP_047372424.1;transl_table=11
WP_108650252.1_GCF_003072645.1	Dongshaea marina str. DM2	NZ_CP028897.1	GCF_003072645.1	2047966	Gammaproteobacteria	#F8EDE3	yihW	1692822	1693613	reverse	#3d5afe	 DeoR/GlpR family DNA-binding transcription regulator	ID=cds-WP_108650252.1;Parent=gene-DB847_RS08250;Dbxref=Genbank:WP_108650252.1;Name=WP_108650252.1;gbkey=CDS;inference=COORDINATES: protein motif:HMM:NF012669.2;locus_tag=DB847_RS08250;product=DeoR/GlpR family DNA-binding transcription regulator;protein_id=WP_108650252.1;transl_table=11
WP_108650252.1_GCF_003072645.1	Dongshaea marina str. DM2	NZ_CP028897.1	GCF_003072645.1	2047966	Gammaproteobacteria	#F8EDE3	other	1693651	1694546	reverse	#ffffff	pseudo PfkB family carbohydrate kinase	ID=cds-DB847_RS08255;Parent=gene-DB847_RS08255;Note=frameshifted;gbkey=CDS;inference=COORDINATES: similar to AA sequence:RefSeq:WP_000621656.1;locus_tag=DB847_RS08255;product=PfkB family carbohydrate kinase;pseudo=true;transl_table=11
WP_108650252.1_GCF_003072645.1	Dongshaea marina str. DM2	NZ_CP028897.1	GCF_003072645.1	2047966	Gammaproteobacteria	#F8EDE3	yihU	1694725	1695630	forward	#d500f9	 yihU	ID=cds-WP_108650253.1;Parent=gene-DB847_RS08260;Dbxref=Genbank:WP_108650253.1;Name=WP_108650253.1;gbkey=CDS;gene=yihU;inference=COORDINATES: protein motif:HMM:NF012005.0;locus_tag=DB847_RS08260;product=sulfolactaldehyde 3-reductase;protein_id=WP_108650253.1;transl_table=11
WP_108650252.1_GCF_003072645.1	Dongshaea marina str. DM2	NZ_CP028897.1	GCF_003072645.1	2047966	Gammaproteobacteria	#F8EDE3	other	1695641	1696525	forward	#ffffff	 ketose-bisphosphate aldolase	ID=cds-WP_108650254.1;Parent=gene-DB847_RS08265;Dbxref=Genbank:WP_108650254.1;Name=WP_108650254.1;gbkey=CDS;inference=COORDINATES: protein motif:HMM:TIGR00167.1;locus_tag=DB847_RS08265;product=ketose-bisphosphate aldolase;protein_id=WP_108650254.1;transl_table=11
WP_108650252.1_GCF_003072645.1	Dongshaea marina str. DM2	NZ_CP028897.1	GCF_003072645.1	2047966	Gammaproteobacteria	#F8EDE3	other	1696535	1697587	forward	#ffffff	 galactose mutarotase	ID=cds-WP_108650255.1;Parent=gene-DB847_RS08270;Dbxref=Genbank:WP_108650255.1;Name=WP_108650255.1;gbkey=CDS;inference=COORDINATES: protein motif:HMM:NF008277.0;locus_tag=DB847_RS08270;product=galactose mutarotase;protein_id=WP_108650255.1;transl_table=11
WP_108650252.1_GCF_003072645.1	Dongshaea marina str. DM2	NZ_CP028897.1	GCF_003072645.1	2047966	Gammaproteobacteria	#F8EDE3	other	1697631	1698503	forward	#ffffff	 sulfite exporter TauE/SafE family protein	ID=cds-WP_108650256.1;Parent=gene-DB847_RS08275;Dbxref=Genbank:WP_108650256.1;Name=WP_108650256.1;gbkey=CDS;inference=COORDINATES: protein motif:HMM:NF014035.2;locus_tag=DB847_RS08275;product=sulfite exporter TauE/SafE family protein;protein_id=WP_108650256.1;transl_table=11
WP_108650252.1_GCF_003072645.1	Dongshaea marina str. DM2	NZ_CP028897.1	GCF_003072645.1	2047966	Gammaproteobacteria	#F8EDE3	yihS	1698587	1699831	forward	#651fff	 yihS	ID=cds-WP_108650257.1;Parent=gene-DB847_RS08280;Dbxref=Genbank:WP_108650257.1;Name=WP_108650257.1;gbkey=CDS;gene=yihS;inference=COORDINATES: similar to AA sequence:RefSeq:WP_000870946.1;locus_tag=DB847_RS08280;product=sulfoquinovose isomerase;protein_id=WP_108650257.1;transl_table=11
WP_108650252.1_GCF_003072645.1	Dongshaea marina str. DM2	NZ_CP028897.1	GCF_003072645.1	2047966	Gammaproteobacteria	#F8EDE3	yihP	1700579	1701961	forward	#1fada2	 MFS transporter	ID=cds-WP_108650258.1;Parent=gene-DB847_RS08285;Dbxref=Genbank:WP_108650258.1;Name=WP_108650258.1;gbkey=CDS;inference=COORDINATES: protein motif:HMM:TIGR00792.1;locus_tag=DB847_RS08285;product=MFS transporter;protein_id=WP_108650258.1;transl_table=11
WP_108650252.1_GCF_003072645.1	Dongshaea marina str. DM2	NZ_CP028897.1	GCF_003072645.1	2047966	Gammaproteobacteria	#F8EDE3	yihP	1702097	1703371	forward	#1fada2	 glycoside-pentoside-hexuronide (GPH):cation symporter	ID=cds-WP_108650259.1;Parent=gene-DB847_RS08290;Dbxref=Genbank:WP_108650259.1;Name=WP_108650259.1;gbkey=CDS;inference=COORDINATES: protein motif:HMM:TIGR00792.1;locus_tag=DB847_RS08290;product=glycoside-pentoside-hexuronide (GPH):cation symporter;protein_id=WP_108650259.1;transl_table=11
WP_007887565.1_GCF_003516125.1	Cronobacter sakazakii str. CS-931	NZ_CP027107.1	GCF_003516125.1	28141	Gammaproteobacteria	#F8EDE3	ompL	3461308	3461994	reverse	#c6ff00	 ompL	ID=cds-WP_007872040.1;Parent=gene-CsakCS931_RS16350;Dbxref=Genbank:WP_007872040.1,GeneID:56732690;Name=WP_007872040.1;gbkey=CDS;gene=ompL;inference=COORDINATES: similar to AA sequence:RefSeq:WP_014885758.1;locus_tag=CsakCS931_RS16350;product=porin OmpL;protein_id=WP_007872040.1;transl_table=11
WP_007887565.1_GCF_003516125.1	Cronobacter sakazakii str. CS-931	NZ_CP027107.1	GCF_003516125.1	28141	Gammaproteobacteria	#F8EDE3	yihO	3462069	3463499	reverse	#26DC96	 MFS transporter	ID=cds-WP_007887580.1;Parent=gene-CsakCS931_RS16355;Dbxref=Genbank:WP_007887580.1,GeneID:56732691;Name=WP_007887580.1;gbkey=CDS;inference=COORDINATES: similar to AA sequence:RefSeq:WP_015387129.1;locus_tag=CsakCS931_RS16355;product=MFS transporter;protein_id=WP_007887580.1;transl_table=11
WP_007887565.1_GCF_003516125.1	Cronobacter sakazakii str. CS-931	NZ_CP027107.1	GCF_003516125.1	28141	Gammaproteobacteria	#F8EDE3	yihP	3463548	3464954	reverse	#1fada2	 MFS transporter	ID=cds-WP_029039548.1;Parent=gene-CsakCS931_RS16360;Dbxref=Genbank:WP_029039548.1,GeneID:56732692;Name=WP_029039548.1;gbkey=CDS;inference=COORDINATES: similar to AA sequence:RefSeq:WP_007887579.1;locus_tag=CsakCS931_RS16360;product=MFS transporter;protein_id=WP_029039548.1;transl_table=11
WP_007887565.1_GCF_003516125.1	Cronobacter sakazakii str. CS-931	NZ_CP027107.1	GCF_003516125.1	28141	Gammaproteobacteria	#F8EDE3	other	3464987	3465859	reverse	#ffffff	 sulfite exporter TauE/SafE family protein	ID=cds-WP_007777238.1;Parent=gene-CsakCS931_RS16365;Dbxref=Genbank:WP_007777238.1,GeneID:56732693;Name=WP_007777238.1;gbkey=CDS;inference=COORDINATES: similar to AA sequence:RefSeq:NP_312828.1;locus_tag=CsakCS931_RS16365;product=sulfite exporter TauE/SafE family protein;protein_id=WP_007777238.1;transl_table=11
WP_007887565.1_GCF_003516125.1	Cronobacter sakazakii str. CS-931	NZ_CP027107.1	GCF_003516125.1	28141	Gammaproteobacteria	#F8EDE3	yihQ	3465872	3467902	reverse	#FDF434	 alpha-glucosidase	ID=cds-WP_007887576.1;Parent=gene-CsakCS931_RS16370;Dbxref=Genbank:WP_007887576.1,GeneID:56732694;Name=WP_007887576.1;gbkey=CDS;inference=COORDINATES: similar to AA sequence:RefSeq:WP_012126216.1;locus_tag=CsakCS931_RS16370;product=alpha-glucosidase;protein_id=WP_007887576.1;transl_table=11
WP_007887565.1_GCF_003516125.1	Cronobacter sakazakii str. CS-931	NZ_CP027107.1	GCF_003516125.1	28141	Gammaproteobacteria	#F8EDE3	yihR	3467952	3468818	reverse	#ffaafe	 aldose-1-epimerase	ID=cds-WP_007887575.1;Parent=gene-CsakCS931_RS16375;Dbxref=Genbank:WP_007887575.1,GeneID:56732695;Name=WP_007887575.1;gbkey=CDS;inference=COORDINATES: similar to AA sequence:RefSeq:WP_007853140.1;locus_tag=CsakCS931_RS16375;product=aldose-1-epimerase;protein_id=WP_007887575.1;transl_table=11
WP_007887565.1_GCF_003516125.1	Cronobacter sakazakii str. CS-931	NZ_CP027107.1	GCF_003516125.1	28141	Gammaproteobacteria	#F8EDE3	yihS	3468847	3470088	reverse	#651fff	 yihS	ID=cds-WP_032971927.1;Parent=gene-CsakCS931_RS16380;Dbxref=Genbank:WP_032971927.1,GeneID:56732696;Name=WP_032971927.1;gbkey=CDS;gene=yihS;inference=COORDINATES: similar to AA sequence:RefSeq:NP_462901.1;locus_tag=CsakCS931_RS16380;product=sulfoquinovose isomerase;protein_id=WP_032971927.1;transl_table=11
WP_007887565.1_GCF_003516125.1	Cronobacter sakazakii str. CS-931	NZ_CP027107.1	GCF_003516125.1	28141	Gammaproteobacteria	#F8EDE3	yihT	3470103	3470978	reverse	#ffc400	 yihT	ID=cds-WP_038859406.1;Parent=gene-CsakCS931_RS16385;Dbxref=Genbank:WP_038859406.1,GeneID:56732697;Name=WP_038859406.1;gbkey=CDS;gene=yihT;inference=COORDINATES: similar to AA sequence:RefSeq:NP_462902.1;locus_tag=CsakCS931_RS16385;product=sulfofructosephosphate aldolase;protein_id=WP_038859406.1;transl_table=11
WP_007887565.1_GCF_003516125.1	Cronobacter sakazakii str. CS-931	NZ_CP027107.1	GCF_003516125.1	28141	Gammaproteobacteria	#F8EDE3	yihU	3471003	3471902	reverse	#d500f9	 yihU	ID=cds-WP_007887569.1;Parent=gene-CsakCS931_RS16390;Dbxref=Genbank:WP_007887569.1,GeneID:56732698;Name=WP_007887569.1;gbkey=CDS;gene=yihU;inference=COORDINATES: similar to AA sequence:RefSeq:WP_012126220.1;locus_tag=CsakCS931_RS16390;product=sulfolactaldehyde 3-reductase;protein_id=WP_007887569.1;transl_table=11
WP_007887565.1_GCF_003516125.1	Cronobacter sakazakii str. CS-931	NZ_CP027107.1	GCF_003516125.1	28141	Gammaproteobacteria	#F8EDE3	yihV	3472114	3473013	forward	#00e5ff	 sugar kinase	ID=cds-WP_007887567.1;Parent=gene-CsakCS931_RS16395;Dbxref=Genbank:WP_007887567.1,GeneID:56732699;Name=WP_007887567.1;gbkey=CDS;inference=COORDINATES: similar to AA sequence:RefSeq:NP_462904.3;locus_tag=CsakCS931_RS16395;product=sugar kinase;protein_id=WP_007887567.1;transl_table=11
WP_007887565.1_GCF_003516125.1	Cronobacter sakazakii str. CS-931	NZ_CP027107.1	GCF_003516125.1	28141	Gammaproteobacteria	#F8EDE3	yihW	3473050	3473856	forward	#3d5afe	 DeoR/GlpR family DNA-binding transcription regulator	ID=cds-WP_007887565.1;Parent=gene-CsakCS931_RS16400;Dbxref=Genbank:WP_007887565.1,GeneID:56732700;Name=WP_007887565.1;gbkey=CDS;inference=COORDINATES: similar to AA sequence:RefSeq:WP_004387702.1;locus_tag=CsakCS931_RS16400;product=DeoR/GlpR family DNA-binding transcription regulator;protein_id=WP_007887565.1;transl_table=11
WP_130592469.1_GCF_004295645.1	Jinshanibacter zhutongyuii str. CF-458	NZ_CP034752.1	GCF_004295645.1	2498113	Gammaproteobacteria	#F8EDE3	other	3252337	3253256	reverse	#ffffff	pseudo aldose 1-epimerase	ID=cds-EKN56_RS14640;Parent=gene-EKN56_RS14640;Note=frameshifted;gbkey=CDS;inference=COORDINATES: similar to AA sequence:RefSeq:WP_001309103.1;locus_tag=EKN56_RS14640;product=aldose 1-epimerase;pseudo=true;transl_table=11
WP_130592469.1_GCF_004295645.1	Jinshanibacter zhutongyuii str. CF-458	NZ_CP034752.1	GCF_004295645.1	2498113	Gammaproteobacteria	#F8EDE3	other	3253292	3254674	reverse	#ffffff	 MHS family MFS transporter	ID=cds-WP_130592464.1;Parent=gene-EKN56_RS14645;Dbxref=Genbank:WP_130592464.1;Name=WP_130592464.1;gbkey=CDS;inference=COORDINATES: similar to AA sequence:RefSeq:WP_001291189.1;locus_tag=EKN56_RS14645;product=MHS family MFS transporter;protein_id=WP_130592464.1;transl_table=11
WP_130592469.1_GCF_004295645.1	Jinshanibacter zhutongyuii str. CF-458	NZ_CP034752.1	GCF_004295645.1	2498113	Gammaproteobacteria	#F8EDE3	other	3254793	3256235	reverse	#ffffff	 MFS transporter	ID=cds-WP_130592465.1;Parent=gene-EKN56_RS14650;Dbxref=Genbank:WP_130592465.1;Name=WP_130592465.1;gbkey=CDS;inference=COORDINATES: similar to AA sequence:RefSeq:WP_016246439.1;locus_tag=EKN56_RS14650;product=MFS transporter;protein_id=WP_130592465.1;transl_table=11
WP_130592469.1_GCF_004295645.1	Jinshanibacter zhutongyuii str. CF-458	NZ_CP034752.1	GCF_004295645.1	2498113	Gammaproteobacteria	#F8EDE3	other	3256398	3257405	reverse	#ffffff	 alcohol dehydrogenase catalytic domain-containing protein	ID=cds-WP_130593723.1;Parent=gene-EKN56_RS14655;Dbxref=Genbank:WP_130593723.1;Name=WP_130593723.1;gbkey=CDS;inference=COORDINATES: similar to AA sequence:RefSeq:WP_008786993.1;locus_tag=EKN56_RS14655;product=alcohol dehydrogenase catalytic domain-containing protein;protein_id=WP_130593723.1;transl_table=11
WP_130592469.1_GCF_004295645.1	Jinshanibacter zhutongyuii str. CF-458	NZ_CP034752.1	GCF_004295645.1	2498113	Gammaproteobacteria	#F8EDE3	other	3257503	3258366	reverse	#ffffff	 ketose-bisphosphate aldolase	ID=cds-WP_130592466.1;Parent=gene-EKN56_RS14660;Dbxref=Genbank:WP_130592466.1;Name=WP_130592466.1;gbkey=CDS;inference=COORDINATES: similar to AA sequence:RefSeq:WP_004701052.1;locus_tag=EKN56_RS14660;product=ketose-bisphosphate aldolase;protein_id=WP_130592466.1;transl_table=11
WP_130592469.1_GCF_004295645.1	Jinshanibacter zhutongyuii str. CF-458	NZ_CP034752.1	GCF_004295645.1	2498113	Gammaproteobacteria	#F8EDE3	yihU	3258417	3259304	reverse	#d500f9	 yihU	ID=cds-WP_130592467.1;Parent=gene-EKN56_RS14665;Dbxref=Genbank:WP_130592467.1;Name=WP_130592467.1;gbkey=CDS;gene=yihU;inference=COORDINATES: similar to AA sequence:RefSeq:WP_006118339.1;locus_tag=EKN56_RS14665;product=sulfolactaldehyde 3-reductase;protein_id=WP_130592467.1;transl_table=11
WP_130592469.1_GCF_004295645.1	Jinshanibacter zhutongyuii str. CF-458	NZ_CP034752.1	GCF_004295645.1	2498113	Gammaproteobacteria	#F8EDE3	yihV	3259486	3260382	forward	#00e5ff	 sugar kinase	ID=cds-WP_130592468.1;Parent=gene-EKN56_RS14670;Dbxref=Genbank:WP_130592468.1;Name=WP_130592468.1;gbkey=CDS;inference=COORDINATES: similar to AA sequence:RefSeq:WP_008814760.1;locus_tag=EKN56_RS14670;product=sugar kinase;protein_id=WP_130592468.1;transl_table=11
WP_130592469.1_GCF_004295645.1	Jinshanibacter zhutongyuii str. CF-458	NZ_CP034752.1	GCF_004295645.1	2498113	Gammaproteobacteria	#F8EDE3	yihW	3260431	3261216	forward	#3d5afe	 DeoR/GlpR family DNA-binding transcription regulator	ID=cds-WP_130592469.1;Parent=gene-EKN56_RS14675;Dbxref=Genbank:WP_130592469.1;Name=WP_130592469.1;gbkey=CDS;inference=COORDINATES: similar to AA sequence:RefSeq:WP_003861944.1;locus_tag=EKN56_RS14675;product=DeoR/GlpR family DNA-binding transcription regulator;protein_id=WP_130592469.1;transl_table=11
WP_008786989.1_GCF_004353845.1	Citrobacter arsenatis str. LY-1	NZ_CP037864.1	GCF_004353845.1	2546350	Gammaproteobacteria	#F8EDE3	yihW	163156	163944	reverse	#3d5afe	 DeoR/GlpR family DNA-binding transcription regulator	ID=cds-WP_008786989.1;Parent=gene-E1B03_RS01730;Dbxref=Genbank:WP_008786989.1;Name=WP_008786989.1;gbkey=CDS;inference=COORDINATES: similar to AA sequence:RefSeq:WP_000022208.1;locus_tag=E1B03_RS01730;product=DeoR/GlpR family DNA-binding transcription regulator;protein_id=WP_008786989.1;transl_table=11
WP_008786989.1_GCF_004353845.1	Citrobacter arsenatis str. LY-1	NZ_CP037864.1	GCF_004353845.1	2546350	Gammaproteobacteria	#F8EDE3	yihV	163984	164880	reverse	#00e5ff	 sugar kinase	ID=cds-WP_133085595.1;Parent=gene-E1B03_RS01735;Dbxref=Genbank:WP_133085595.1;Name=WP_133085595.1;gbkey=CDS;inference=COORDINATES: similar to AA sequence:RefSeq:WP_000196715.1;locus_tag=E1B03_RS01735;product=sugar kinase;protein_id=WP_133085595.1;transl_table=11
WP_008786989.1_GCF_004353845.1	Citrobacter arsenatis str. LY-1	NZ_CP037864.1	GCF_004353845.1	2546350	Gammaproteobacteria	#F8EDE3	yihU	165053	165943	forward	#d500f9	 yihU	ID=cds-WP_103771911.1;Parent=gene-E1B03_RS01740;Dbxref=Genbank:WP_103771911.1;Name=WP_103771911.1;gbkey=CDS;gene=yihU;inference=COORDINATES: similar to AA sequence:RefSeq:WP_016157867.1;locus_tag=E1B03_RS01740;product=sulfolactaldehyde 3-reductase;protein_id=WP_103771911.1;transl_table=11
WP_008786989.1_GCF_004353845.1	Citrobacter arsenatis str. LY-1	NZ_CP037864.1	GCF_004353845.1	2546350	Gammaproteobacteria	#F8EDE3	yihT	165969	166856	forward	#ffc400	 aldolase	ID=cds-WP_008786992.1;Parent=gene-E1B03_RS01745;Dbxref=Genbank:WP_008786992.1;Name=WP_008786992.1;gbkey=CDS;inference=COORDINATES: similar to AA sequence:RefSeq:WP_000094541.1;locus_tag=E1B03_RS01745;product=aldolase;protein_id=WP_008786992.1;transl_table=11
WP_008786989.1_GCF_004353845.1	Citrobacter arsenatis str. LY-1	NZ_CP037864.1	GCF_004353845.1	2546350	Gammaproteobacteria	#F8EDE3	other	166888	167898	forward	#ffffff	 alcohol dehydrogenase catalytic domain-containing protein	ID=cds-WP_103771912.1;Parent=gene-E1B03_RS01750;Dbxref=Genbank:WP_103771912.1;Name=WP_103771912.1;gbkey=CDS;inference=COORDINATES: similar to AA sequence:RefSeq:WP_008786993.1;locus_tag=E1B03_RS01750;product=alcohol dehydrogenase catalytic domain-containing protein;protein_id=WP_103771912.1;transl_table=11
WP_008786989.1_GCF_004353845.1	Citrobacter arsenatis str. LY-1	NZ_CP037864.1	GCF_004353845.1	2546350	Gammaproteobacteria	#F8EDE3	other	167968	169401	forward	#ffffff	 MFS transporter	ID=cds-WP_008786994.1;Parent=gene-E1B03_RS01755;Dbxref=Genbank:WP_008786994.1;Name=WP_008786994.1;gbkey=CDS;inference=COORDINATES: similar to AA sequence:RefSeq:WP_016246439.1;locus_tag=E1B03_RS01755;product=MFS transporter;protein_id=WP_008786994.1;transl_table=11
WP_008786989.1_GCF_004353845.1	Citrobacter arsenatis str. LY-1	NZ_CP037864.1	GCF_004353845.1	2546350	Gammaproteobacteria	#F8EDE3	other	169506	170831	forward	#ffffff	 MHS family MFS transporter	ID=cds-WP_103771913.1;Parent=gene-E1B03_RS01760;Dbxref=Genbank:WP_103771913.1;Name=WP_103771913.1;gbkey=CDS;inference=COORDINATES: similar to AA sequence:RefSeq:WP_003840433.1;locus_tag=E1B03_RS01760;product=MHS family MFS transporter;protein_id=WP_103771913.1;transl_table=11
WP_008786989.1_GCF_004353845.1	Citrobacter arsenatis str. LY-1	NZ_CP037864.1	GCF_004353845.1	2546350	Gammaproteobacteria	#F8EDE3	other	170862	171752	forward	#ffffff	 aldose epimerase	ID=cds-WP_103771914.1;Parent=gene-E1B03_RS01765;Dbxref=Genbank:WP_103771914.1;Name=WP_103771914.1;gbkey=CDS;inference=COORDINATES: similar to AA sequence:RefSeq:WP_008786996.1;locus_tag=E1B03_RS01765;product=aldose epimerase;protein_id=WP_103771914.1;transl_table=11
WP_138096356.1_GCF_005671395.1	Jejubacter calystegiae str. KSNA2	NZ_CP040428.1	GCF_005671395.1	2579935	Gammaproteobacteria	#F8EDE3	other	2823065	2824228	forward	#ffffff	 fes	ID=cds-WP_241666638.1;Parent=gene-FEM41_RS12855;Dbxref=Genbank:WP_241666638.1;Name=WP_241666638.1;Ontology_term=GO:0005506,GO:0008849;gbkey=CDS;gene=fes;go_function=iron ion binding|0005506||IEA,enterochelin esterase activity|0008849||IEA;inference=COORDINATES: similar to AA sequence:RefSeq:WP_012125393.1;locus_tag=FEM41_RS12855;product=enterochelin esterase;protein_id=WP_241666638.1;transl_table=11
WP_138096356.1_GCF_005671395.1	Jejubacter calystegiae str. KSNA2	NZ_CP040428.1	GCF_005671395.1	2579935	Gammaproteobacteria	#F8EDE3	other	2824285	2824500	forward	#ffffff	 MbtH family NRPS accessory protein	ID=cds-WP_138096351.1;Parent=gene-FEM41_RS12860;Dbxref=Genbank:WP_138096351.1;Name=WP_138096351.1;gbkey=CDS;inference=COORDINATES: similar to AA sequence:RefSeq:WP_017371618.1;locus_tag=FEM41_RS12860;product=MbtH family NRPS accessory protein;protein_id=WP_138096351.1;transl_table=11
WP_138096356.1_GCF_005671395.1	Jejubacter calystegiae str. KSNA2	NZ_CP040428.1	GCF_005671395.1	2579935	Gammaproteobacteria	#F8EDE3	other	2824510	2828439	forward	#ffffff	 enterobactin synthase subunit F	ID=cds-WP_138096352.1;Parent=gene-FEM41_RS12865;Dbxref=Genbank:WP_138096352.1;Name=WP_138096352.1;gbkey=CDS;inference=COORDINATES: similar to AA sequence:RefSeq:WP_017371619.1;locus_tag=FEM41_RS12865;product=enterobactin synthase subunit F;protein_id=WP_138096352.1;transl_table=11
WP_138096356.1_GCF_005671395.1	Jejubacter calystegiae str. KSNA2	NZ_CP040428.1	GCF_005671395.1	2579935	Gammaproteobacteria	#F8EDE3	other	2828496	2828726	reverse	#ffffff	 chaB	ID=cds-WP_138096353.1;Parent=gene-FEM41_RS12870;Dbxref=Genbank:WP_138096353.1;Name=WP_138096353.1;gbkey=CDS;gene=chaB;inference=COORDINATES: similar to AA sequence:RefSeq:NP_460726.1;locus_tag=FEM41_RS12870;product=putative cation transport regulator ChaB;protein_id=WP_138096353.1;transl_table=11
WP_138096356.1_GCF_005671395.1	Jejubacter calystegiae str. KSNA2	NZ_CP040428.1	GCF_005671395.1	2579935	Gammaproteobacteria	#F8EDE3	yihV	2828917	2829804	forward	#00e5ff	 PfkB family carbohydrate kinase	ID=cds-WP_138096354.1;Parent=gene-FEM41_RS12875;Dbxref=Genbank:WP_138096354.1;Name=WP_138096354.1;gbkey=CDS;inference=COORDINATES: protein motif:HMM:NF012515.2;locus_tag=FEM41_RS12875;product=PfkB family carbohydrate kinase;protein_id=WP_138096354.1;transl_table=11
WP_138096356.1_GCF_005671395.1	Jejubacter calystegiae str. KSNA2	NZ_CP040428.1	GCF_005671395.1	2579935	Gammaproteobacteria	#F8EDE3	other	2829832	2830701	forward	#ffffff	 class II fructose-bisphosphate aldolase	ID=cds-WP_138096355.1;Parent=gene-FEM41_RS12880;Dbxref=Genbank:WP_138096355.1;Name=WP_138096355.1;gbkey=CDS;inference=COORDINATES: protein motif:HMM:NF013296.2;locus_tag=FEM41_RS12880;product=class II fructose-bisphosphate aldolase;protein_id=WP_138096355.1;transl_table=11
WP_138096356.1_GCF_005671395.1	Jejubacter calystegiae str. KSNA2	NZ_CP040428.1	GCF_005671395.1	2579935	Gammaproteobacteria	#F8EDE3	yihW	2830709	2831497	reverse	#3d5afe	 DeoR/GlpR family DNA-binding transcription regulator	ID=cds-WP_138096356.1;Parent=gene-FEM41_RS12885;Dbxref=Genbank:WP_138096356.1;Name=WP_138096356.1;gbkey=CDS;inference=COORDINATES: similar to AA sequence:RefSeq:WP_000059685.1;locus_tag=FEM41_RS12885;product=DeoR/GlpR family DNA-binding transcription regulator;protein_id=WP_138096356.1;transl_table=11
WP_002436639.1_GCF_008064855.1	Atlantibacter hermannii str. ATCC 33651	NZ_CP042941.1	GCF_008064855.1	565	Gammaproteobacteria	#F8EDE3	other	1658679	1659599	reverse	#ffffff	 aldose 1-epimerase	ID=cds-WP_148052046.1;Parent=gene-FV157_RS07850;Dbxref=Genbank:WP_148052046.1,GeneID:66023028;Name=WP_148052046.1;gbkey=CDS;inference=COORDINATES: similar to AA sequence:RefSeq:WP_002436646.1;locus_tag=FV157_RS07850;product=aldose 1-epimerase;protein_id=WP_148052046.1;transl_table=11
WP_002436639.1_GCF_008064855.1	Atlantibacter hermannii str. ATCC 33651	NZ_CP042941.1	GCF_008064855.1	565	Gammaproteobacteria	#F8EDE3	other	1659583	1660962	reverse	#ffffff	 MHS family MFS transporter	ID=cds-WP_148052047.1;Parent=gene-FV157_RS07855;Dbxref=Genbank:WP_148052047.1,GeneID:66023029;Name=WP_148052047.1;gbkey=CDS;inference=COORDINATES: similar to AA sequence:RefSeq:WP_002436645.1;locus_tag=FV157_RS07855;product=MHS family MFS transporter;protein_id=WP_148052047.1;transl_table=11
WP_002436639.1_GCF_008064855.1	Atlantibacter hermannii str. ATCC 33651	NZ_CP042941.1	GCF_008064855.1	565	Gammaproteobacteria	#F8EDE3	other	1661055	1662482	reverse	#ffffff	 MFS transporter	ID=cds-WP_148052048.1;Parent=gene-FV157_RS07860;Dbxref=Genbank:WP_148052048.1,GeneID:66023030;Name=WP_148052048.1;gbkey=CDS;inference=COORDINATES: similar to AA sequence:RefSeq:WP_016246439.1;locus_tag=FV157_RS07860;product=MFS transporter;protein_id=WP_148052048.1;transl_table=11
WP_002436639.1_GCF_008064855.1	Atlantibacter hermannii str. ATCC 33651	NZ_CP042941.1	GCF_008064855.1	565	Gammaproteobacteria	#F8EDE3	other	1662553	1663563	reverse	#ffffff	 alcohol dehydrogenase catalytic domain-containing protein	ID=cds-WP_002436643.1;Parent=gene-FV157_RS07865;Dbxref=Genbank:WP_002436643.1,GeneID:66023031;Name=WP_002436643.1;gbkey=CDS;inference=COORDINATES: similar to AA sequence:RefSeq:WP_002436643.1;locus_tag=FV157_RS07865;product=alcohol dehydrogenase catalytic domain-containing protein;protein_id=WP_002436643.1;transl_table=11
WP_002436639.1_GCF_008064855.1	Atlantibacter hermannii str. ATCC 33651	NZ_CP042941.1	GCF_008064855.1	565	Gammaproteobacteria	#F8EDE3	yihT	1663598	1664485	reverse	#ffc400	 aldolase	ID=cds-WP_002436642.1;Parent=gene-FV157_RS07870;Dbxref=Genbank:WP_002436642.1,GeneID:66023032;Name=WP_002436642.1;gbkey=CDS;inference=COORDINATES: similar to AA sequence:RefSeq:WP_000094541.1;locus_tag=FV157_RS07870;product=aldolase;protein_id=WP_002436642.1;transl_table=11
WP_002436639.1_GCF_008064855.1	Atlantibacter hermannii str. ATCC 33651	NZ_CP042941.1	GCF_008064855.1	565	Gammaproteobacteria	#F8EDE3	yihU	1664511	1665401	reverse	#d500f9	 yihU	ID=cds-WP_002436641.1;Parent=gene-FV157_RS07875;Dbxref=Genbank:WP_002436641.1,GeneID:66023033;Name=WP_002436641.1;gbkey=CDS;gene=yihU;inference=COORDINATES: similar to AA sequence:RefSeq:WP_016157867.1;locus_tag=FV157_RS07875;product=sulfolactaldehyde 3-reductase;protein_id=WP_002436641.1;transl_table=11
WP_002436639.1_GCF_008064855.1	Atlantibacter hermannii str. ATCC 33651	NZ_CP042941.1	GCF_008064855.1	565	Gammaproteobacteria	#F8EDE3	yihV	1665572	1666474	forward	#00e5ff	 PfkB family carbohydrate kinase	ID=cds-WP_002436640.1;Parent=gene-FV157_RS07880;Dbxref=Genbank:WP_002436640.1,GeneID:66023034;Name=WP_002436640.1;gbkey=CDS;inference=COORDINATES: similar to AA sequence:RefSeq:WP_000621656.1;locus_tag=FV157_RS07880;product=PfkB family carbohydrate kinase;protein_id=WP_002436640.1;transl_table=11
WP_002436639.1_GCF_008064855.1	Atlantibacter hermannii str. ATCC 33651	NZ_CP042941.1	GCF_008064855.1	565	Gammaproteobacteria	#F8EDE3	yihW	1666505	1667281	forward	#3d5afe	 DeoR/GlpR family DNA-binding transcription regulator	ID=cds-WP_002436639.1;Parent=gene-FV157_RS07885;Dbxref=Genbank:WP_002436639.1,GeneID:66023035;Name=WP_002436639.1;gbkey=CDS;inference=COORDINATES: similar to AA sequence:RefSeq:WP_000022208.1;locus_tag=FV157_RS07885;product=DeoR/GlpR family DNA-binding transcription regulator;protein_id=WP_002436639.1;transl_table=11
WP_152082866.1_GCF_009176645.1	Enterobacter oligotrophicus str. CCA6	NZ_AP019007.1	GCF_009176645.1	2478464	Gammaproteobacteria	#F8EDE3	ompL	2518669	2519355	reverse	#c6ff00	 ompL	ID=cds-WP_152082858.1;Parent=gene-EoCCA6_RS12105;Dbxref=Genbank:WP_152082858.1;Name=WP_152082858.1;gbkey=CDS;gene=ompL;inference=COORDINATES: similar to AA sequence:RefSeq:WP_014885758.1;locus_tag=EoCCA6_RS12105;product=porin OmpL;protein_id=WP_152082858.1;transl_table=11
WP_152082866.1_GCF_009176645.1	Enterobacter oligotrophicus str. CCA6	NZ_AP019007.1	GCF_009176645.1	2478464	Gammaproteobacteria	#F8EDE3	yihO	2519430	2520854	reverse	#26DC96	 MFS transporter	ID=cds-WP_152082859.1;Parent=gene-EoCCA6_RS12110;Dbxref=Genbank:WP_152082859.1;Name=WP_152082859.1;gbkey=CDS;inference=COORDINATES: similar to AA sequence:RefSeq:WP_006808724.1;locus_tag=EoCCA6_RS12110;product=MFS transporter;protein_id=WP_152082859.1;transl_table=11
WP_152082866.1_GCF_009176645.1	Enterobacter oligotrophicus str. CCA6	NZ_AP019007.1	GCF_009176645.1	2478464	Gammaproteobacteria	#F8EDE3	yihP	2520898	2522280	reverse	#1fada2	 MFS transporter	ID=cds-WP_152082860.1;Parent=gene-EoCCA6_RS12115;Dbxref=Genbank:WP_152082860.1;Name=WP_152082860.1;gbkey=CDS;inference=COORDINATES: similar to AA sequence:RefSeq:WP_014885756.1;locus_tag=EoCCA6_RS12115;product=MFS transporter;protein_id=WP_152082860.1;transl_table=11
WP_152082866.1_GCF_009176645.1	Enterobacter oligotrophicus str. CCA6	NZ_AP019007.1	GCF_009176645.1	2478464	Gammaproteobacteria	#F8EDE3	yihQ	2522326	2524350	reverse	#FDF434	 alpha-glucosidase	ID=cds-WP_152082861.1;Parent=gene-EoCCA6_RS12120;Dbxref=Genbank:WP_152082861.1;Name=WP_152082861.1;gbkey=CDS;inference=COORDINATES: similar to AA sequence:RefSeq:WP_006179113.1;locus_tag=EoCCA6_RS12120;product=alpha-glucosidase;protein_id=WP_152082861.1;transl_table=11
WP_152082866.1_GCF_009176645.1	Enterobacter oligotrophicus str. CCA6	NZ_AP019007.1	GCF_009176645.1	2478464	Gammaproteobacteria	#F8EDE3	yihS	2524367	2525608	reverse	#651fff	 yihS	ID=cds-WP_152082862.1;Parent=gene-EoCCA6_RS12125;Dbxref=Genbank:WP_152082862.1;Name=WP_152082862.1;gbkey=CDS;gene=yihS;inference=COORDINATES: similar to AA sequence:RefSeq:NP_462901.1;locus_tag=EoCCA6_RS12125;product=sulfoquinovose isomerase;protein_id=WP_152082862.1;transl_table=11
WP_152082866.1_GCF_009176645.1	Enterobacter oligotrophicus str. CCA6	NZ_AP019007.1	GCF_009176645.1	2478464	Gammaproteobacteria	#F8EDE3	yihT	2525623	2526498	reverse	#ffc400	 yihT	ID=cds-WP_152082863.1;Parent=gene-EoCCA6_RS12130;Dbxref=Genbank:WP_152082863.1;Name=WP_152082863.1;gbkey=CDS;gene=yihT;inference=COORDINATES: similar to AA sequence:RefSeq:WP_014172242.1;locus_tag=EoCCA6_RS12130;product=sulfofructosephosphate aldolase;protein_id=WP_152082863.1;transl_table=11
WP_152082866.1_GCF_009176645.1	Enterobacter oligotrophicus str. CCA6	NZ_AP019007.1	GCF_009176645.1	2478464	Gammaproteobacteria	#F8EDE3	yihU	2526516	2527406	reverse	#d500f9	 yihU	ID=cds-WP_152082864.1;Parent=gene-EoCCA6_RS12135;Dbxref=Genbank:WP_152082864.1;Name=WP_152082864.1;gbkey=CDS;gene=yihU;inference=COORDINATES: similar to AA sequence:RefSeq:WP_014172241.1;locus_tag=EoCCA6_RS12135;product=sulfolactaldehyde 3-reductase;protein_id=WP_152082864.1;transl_table=11
WP_152082866.1_GCF_009176645.1	Enterobacter oligotrophicus str. CCA6	NZ_AP019007.1	GCF_009176645.1	2478464	Gammaproteobacteria	#F8EDE3	yihV	2527562	2528458	forward	#00e5ff	 sugar kinase	ID=cds-WP_152082865.1;Parent=gene-EoCCA6_RS12140;Dbxref=Genbank:WP_152082865.1;Name=WP_152082865.1;gbkey=CDS;inference=COORDINATES: similar to AA sequence:RefSeq:NP_462904.3;locus_tag=EoCCA6_RS12140;product=sugar kinase;protein_id=WP_152082865.1;transl_table=11
WP_152082866.1_GCF_009176645.1	Enterobacter oligotrophicus str. CCA6	NZ_AP019007.1	GCF_009176645.1	2478464	Gammaproteobacteria	#F8EDE3	yihW	2528493	2529293	forward	#3d5afe	 DeoR/GlpR family DNA-binding transcription regulator	ID=cds-WP_152082866.1;Parent=gene-EoCCA6_RS12145;Dbxref=Genbank:WP_152082866.1;Name=WP_152082866.1;gbkey=CDS;inference=COORDINATES: similar to AA sequence:RefSeq:WP_000059686.1;locus_tag=EoCCA6_RS12145;product=DeoR/GlpR family DNA-binding transcription regulator;protein_id=WP_152082866.1;transl_table=11
WP_083627253.1_GCF_009938225.1	Vibrio ponticus str. DSM 16217	NZ_AP019657.1	GCF_009938225.1	265668	Gammaproteobacteria	#F8EDE3	yihS	1460992	1462242	reverse	#651fff	 AGE family epimerase/isomerase	ID=cds-WP_075652653.1;Parent=gene-GZN30_RS06405;Dbxref=Genbank:WP_075652653.1;Name=WP_075652653.1;gbkey=CDS;inference=COORDINATES: similar to AA sequence:RefSeq:WP_000870946.1;locus_tag=GZN30_RS06405;product=AGE family epimerase/isomerase;protein_id=WP_075652653.1;transl_table=11
WP_083627253.1_GCF_009938225.1	Vibrio ponticus str. DSM 16217	NZ_AP019657.1	GCF_009938225.1	265668	Gammaproteobacteria	#F8EDE3	other	1462319	1462585	reverse	#ffffff	 PTS transporter subunit EIIB	ID=cds-WP_075652654.1;Parent=gene-GZN30_RS06410;Dbxref=Genbank:WP_075652654.1;Name=WP_075652654.1;gbkey=CDS;inference=COORDINATES: protein motif:HMM:NF012587.2;locus_tag=GZN30_RS06410;product=PTS transporter subunit EIIB;protein_id=WP_075652654.1;transl_table=11
WP_083627253.1_GCF_009938225.1	Vibrio ponticus str. DSM 16217	NZ_AP019657.1	GCF_009938225.1	265668	Gammaproteobacteria	#F8EDE3	other	1462701	1463990	reverse	#ffffff	 TRAP transporter large permease	ID=cds-WP_075652655.1;Parent=gene-GZN30_RS06415;Dbxref=Genbank:WP_075652655.1;Name=WP_075652655.1;gbkey=CDS;inference=COORDINATES: similar to AA sequence:RefSeq:WP_006880288.1;locus_tag=GZN30_RS06415;product=TRAP transporter large permease;protein_id=WP_075652655.1;transl_table=11
WP_083627253.1_GCF_009938225.1	Vibrio ponticus str. DSM 16217	NZ_AP019657.1	GCF_009938225.1	265668	Gammaproteobacteria	#F8EDE3	other	1464005	1464631	reverse	#ffffff	 TRAP transporter small permease	ID=cds-WP_075652656.1;Parent=gene-GZN30_RS06420;Dbxref=Genbank:WP_075652656.1;Name=WP_075652656.1;gbkey=CDS;inference=COORDINATES: similar to AA sequence:RefSeq:WP_006880287.1;locus_tag=GZN30_RS06420;product=TRAP transporter small permease;protein_id=WP_075652656.1;transl_table=11
WP_083627253.1_GCF_009938225.1	Vibrio ponticus str. DSM 16217	NZ_AP019657.1	GCF_009938225.1	265668	Gammaproteobacteria	#F8EDE3	other	1464715	1465575	reverse	#ffffff	 class II fructose-bisphosphate aldolase	ID=cds-WP_075652657.1;Parent=gene-GZN30_RS06425;Dbxref=Genbank:WP_075652657.1;Name=WP_075652657.1;gbkey=CDS;inference=COORDINATES: similar to AA sequence:RefSeq:WP_006880286.1;locus_tag=GZN30_RS06425;product=class II fructose-bisphosphate aldolase;protein_id=WP_075652657.1;transl_table=11
WP_083627253.1_GCF_009938225.1	Vibrio ponticus str. DSM 16217	NZ_AP019657.1	GCF_009938225.1	265668	Gammaproteobacteria	#F8EDE3	yihU	1466098	1466991	reverse	#d500f9	 yihU	ID=cds-WP_075652658.1;Parent=gene-GZN30_RS06430;Dbxref=Genbank:WP_075652658.1;Name=WP_075652658.1;gbkey=CDS;gene=yihU;inference=COORDINATES: similar to AA sequence:RefSeq:WP_006069612.1;locus_tag=GZN30_RS06430;product=sulfolactaldehyde 3-reductase;protein_id=WP_075652658.1;transl_table=11
WP_083627253.1_GCF_009938225.1	Vibrio ponticus str. DSM 16217	NZ_AP019657.1	GCF_009938225.1	265668	Gammaproteobacteria	#F8EDE3	yihV	1467202	1468089	forward	#00e5ff	 PfkB family carbohydrate kinase	ID=cds-WP_083627251.1;Parent=gene-GZN30_RS06435;Dbxref=Genbank:WP_083627251.1;Name=WP_083627251.1;gbkey=CDS;inference=COORDINATES: similar to AA sequence:RefSeq:WP_006880284.1;locus_tag=GZN30_RS06435;product=PfkB family carbohydrate kinase;protein_id=WP_083627251.1;transl_table=11
WP_083627253.1_GCF_009938225.1	Vibrio ponticus str. DSM 16217	NZ_AP019657.1	GCF_009938225.1	265668	Gammaproteobacteria	#F8EDE3	yihW	1468108	1468866	forward	#3d5afe	 DeoR/GlpR family DNA-binding transcription regulator	ID=cds-WP_083627253.1;Parent=gene-GZN30_RS06440;Dbxref=Genbank:WP_083627253.1;Name=WP_083627253.1;gbkey=CDS;inference=COORDINATES: similar to AA sequence:RefSeq:WP_006880283.1;locus_tag=GZN30_RS06440;product=DeoR/GlpR family DNA-binding transcription regulator;protein_id=WP_083627253.1;transl_table=11
WP_172896013.1_GCF_013234275.1	Buttiauxella agrestis str. DSM 9389	NZ_AP023184.1	GCF_013234275.1	82977	Gammaproteobacteria	#F8EDE3	yihW	4478552	4479343	reverse	#3d5afe	 DeoR/GlpR family DNA-binding transcription regulator	ID=cds-WP_172896013.1;Parent=gene-BADSM9389_RS20770;Dbxref=Genbank:WP_172896013.1;Name=WP_172896013.1;gbkey=CDS;inference=COORDINATES: similar to AA sequence:RefSeq:WP_004701058.1;locus_tag=BADSM9389_RS20770;product=DeoR/GlpR family DNA-binding transcription regulator;protein_id=WP_172896013.1;transl_table=11
WP_172896013.1_GCF_013234275.1	Buttiauxella agrestis str. DSM 9389	NZ_AP023184.1	GCF_013234275.1	82977	Gammaproteobacteria	#F8EDE3	yihV	4479380	4480276	reverse	#00e5ff	 sugar kinase	ID=cds-WP_172896014.1;Parent=gene-BADSM9389_RS20775;Dbxref=Genbank:WP_172896014.1;Name=WP_172896014.1;gbkey=CDS;inference=COORDINATES: similar to AA sequence:RefSeq:WP_000621656.1;locus_tag=BADSM9389_RS20775;product=sugar kinase;protein_id=WP_172896014.1;transl_table=11
WP_172896013.1_GCF_013234275.1	Buttiauxella agrestis str. DSM 9389	NZ_AP023184.1	GCF_013234275.1	82977	Gammaproteobacteria	#F8EDE3	yihU	4480473	4481363	forward	#d500f9	 yihU	ID=cds-WP_172896015.1;Parent=gene-BADSM9389_RS20780;Dbxref=Genbank:WP_172896015.1;Name=WP_172896015.1;gbkey=CDS;gene=yihU;inference=COORDINATES: similar to AA sequence:RefSeq:WP_014172241.1;locus_tag=BADSM9389_RS20780;product=sulfolactaldehyde 3-reductase;protein_id=WP_172896015.1;transl_table=11
WP_172896013.1_GCF_013234275.1	Buttiauxella agrestis str. DSM 9389	NZ_AP023184.1	GCF_013234275.1	82977	Gammaproteobacteria	#F8EDE3	yihT	4481384	4482259	forward	#ffc400	 yihT	ID=cds-WP_172896016.1;Parent=gene-BADSM9389_RS20785;Dbxref=Genbank:WP_172896016.1;Name=WP_172896016.1;gbkey=CDS;gene=yihT;inference=COORDINATES: similar to AA sequence:RefSeq:WP_014172242.1;locus_tag=BADSM9389_RS20785;product=sulfofructosephosphate aldolase;protein_id=WP_172896016.1;transl_table=11
WP_172896013.1_GCF_013234275.1	Buttiauxella agrestis str. DSM 9389	NZ_AP023184.1	GCF_013234275.1	82977	Gammaproteobacteria	#F8EDE3	yihS	4482276	4483517	forward	#651fff	 yihS	ID=cds-WP_172896017.1;Parent=gene-BADSM9389_RS20790;Dbxref=Genbank:WP_172896017.1;Name=WP_172896017.1;gbkey=CDS;gene=yihS;inference=COORDINATES: similar to AA sequence:RefSeq:NP_462901.1;locus_tag=BADSM9389_RS20790;product=sulfoquinovose isomerase;protein_id=WP_172896017.1;transl_table=11
WP_172896013.1_GCF_013234275.1	Buttiauxella agrestis str. DSM 9389	NZ_AP023184.1	GCF_013234275.1	82977	Gammaproteobacteria	#F8EDE3	yihQ	4483553	4485592	forward	#FDF434	 alpha-glucosidase	ID=cds-WP_172896018.1;Parent=gene-BADSM9389_RS20795;Dbxref=Genbank:WP_172896018.1;Name=WP_172896018.1;gbkey=CDS;inference=COORDINATES: similar to AA sequence:RefSeq:WP_012907867.1;locus_tag=BADSM9389_RS20795;product=alpha-glucosidase;protein_id=WP_172896018.1;transl_table=11
WP_172896013.1_GCF_013234275.1	Buttiauxella agrestis str. DSM 9389	NZ_AP023184.1	GCF_013234275.1	82977	Gammaproteobacteria	#F8EDE3	yihP	4485640	4487040	forward	#1fada2	 MFS transporter	ID=cds-WP_172896019.1;Parent=gene-BADSM9389_RS20800;Dbxref=Genbank:WP_172896019.1;Name=WP_172896019.1;gbkey=CDS;inference=COORDINATES: similar to AA sequence:RefSeq:WP_007682045.1;locus_tag=BADSM9389_RS20800;product=MFS transporter;protein_id=WP_172896019.1;transl_table=11
WP_172896013.1_GCF_013234275.1	Buttiauxella agrestis str. DSM 9389	NZ_AP023184.1	GCF_013234275.1	82977	Gammaproteobacteria	#F8EDE3	yihO	4487053	4488465	forward	#26DC96	 MFS transporter	ID=cds-WP_172896020.1;Parent=gene-BADSM9389_RS20805;Dbxref=Genbank:WP_172896020.1;Name=WP_172896020.1;gbkey=CDS;inference=COORDINATES: similar to AA sequence:RefSeq:NP_462897.1;locus_tag=BADSM9389_RS20805;product=MFS transporter;protein_id=WP_172896020.1;transl_table=11
WP_182287873.1_GCF_014083925.1	Vibrio spartinae str. 3.6	NZ_CP046268.1	GCF_014083925.1	1918945	Gammaproteobacteria	#F8EDE3	yihS	3566302	3567552	reverse	#651fff	 AGE family epimerase/isomerase	ID=cds-WP_182287869.1;Parent=gene-Vspart_RS15555;Dbxref=Genbank:WP_182287869.1;Name=WP_182287869.1;gbkey=CDS;inference=COORDINATES: similar to AA sequence:RefSeq:WP_000870946.1;locus_tag=Vspart_RS15555;product=AGE family epimerase/isomerase;protein_id=WP_182287869.1;transl_table=11
WP_182287873.1_GCF_014083925.1	Vibrio spartinae str. 3.6	NZ_CP046268.1	GCF_014083925.1	1918945	Gammaproteobacteria	#F8EDE3	other	3567608	3567880	reverse	#ffffff	 PTS transporter subunit EIIB	ID=cds-WP_182287870.1;Parent=gene-Vspart_RS15560;Dbxref=Genbank:WP_182287870.1;Name=WP_182287870.1;gbkey=CDS;inference=COORDINATES: protein motif:HMM:NF012587.2;locus_tag=Vspart_RS15560;product=PTS transporter subunit EIIB;protein_id=WP_182287870.1;transl_table=11
WP_182287873.1_GCF_014083925.1	Vibrio spartinae str. 3.6	NZ_CP046268.1	GCF_014083925.1	1918945	Gammaproteobacteria	#F8EDE3	other	3567928	3569217	reverse	#ffffff	 TRAP transporter large permease	ID=cds-WP_074374745.1;Parent=gene-Vspart_RS15565;Dbxref=Genbank:WP_074374745.1;Name=WP_074374745.1;gbkey=CDS;inference=COORDINATES: similar to AA sequence:RefSeq:WP_006880288.1;locus_tag=Vspart_RS15565;product=TRAP transporter large permease;protein_id=WP_074374745.1;transl_table=11
WP_182287873.1_GCF_014083925.1	Vibrio spartinae str. 3.6	NZ_CP046268.1	GCF_014083925.1	1918945	Gammaproteobacteria	#F8EDE3	other	3569234	3569851	reverse	#ffffff	 TRAP transporter small permease	ID=cds-WP_074374744.1;Parent=gene-Vspart_RS15570;Dbxref=Genbank:WP_074374744.1;Name=WP_074374744.1;gbkey=CDS;inference=COORDINATES: similar to AA sequence:RefSeq:WP_006880287.1;locus_tag=Vspart_RS15570;product=TRAP transporter small permease;protein_id=WP_074374744.1;transl_table=11
WP_182287873.1_GCF_014083925.1	Vibrio spartinae str. 3.6	NZ_CP046268.1	GCF_014083925.1	1918945	Gammaproteobacteria	#F8EDE3	other	3569926	3570789	reverse	#ffffff	 class II fructose-bisphosphate aldolase	ID=cds-WP_182287871.1;Parent=gene-Vspart_RS15575;Dbxref=Genbank:WP_182287871.1;Name=WP_182287871.1;gbkey=CDS;inference=COORDINATES: similar to AA sequence:RefSeq:WP_006880286.1;locus_tag=Vspart_RS15575;product=class II fructose-bisphosphate aldolase;protein_id=WP_182287871.1;transl_table=11
WP_182287873.1_GCF_014083925.1	Vibrio spartinae str. 3.6	NZ_CP046268.1	GCF_014083925.1	1918945	Gammaproteobacteria	#F8EDE3	yihU	3571320	3572219	reverse	#d500f9	 yihU	ID=cds-WP_182287872.1;Parent=gene-Vspart_RS15580;Dbxref=Genbank:WP_182287872.1;Name=WP_182287872.1;gbkey=CDS;gene=yihU;inference=COORDINATES: similar to AA sequence:RefSeq:WP_006069612.1;locus_tag=Vspart_RS15580;product=sulfolactaldehyde 3-reductase;protein_id=WP_182287872.1;transl_table=11
WP_182287873.1_GCF_014083925.1	Vibrio spartinae str. 3.6	NZ_CP046268.1	GCF_014083925.1	1918945	Gammaproteobacteria	#F8EDE3	yihV	3572429	3573316	forward	#00e5ff	 PfkB family carbohydrate kinase	ID=cds-WP_074374741.1;Parent=gene-Vspart_RS15585;Dbxref=Genbank:WP_074374741.1;Name=WP_074374741.1;gbkey=CDS;inference=COORDINATES: similar to AA sequence:RefSeq:WP_006880284.1;locus_tag=Vspart_RS15585;product=PfkB family carbohydrate kinase;protein_id=WP_074374741.1;transl_table=11
WP_182287873.1_GCF_014083925.1	Vibrio spartinae str. 3.6	NZ_CP046268.1	GCF_014083925.1	1918945	Gammaproteobacteria	#F8EDE3	yihW	3573335	3574093	forward	#3d5afe	 DeoR/GlpR family DNA-binding transcription regulator	ID=cds-WP_182287873.1;Parent=gene-Vspart_RS15590;Dbxref=Genbank:WP_182287873.1;Name=WP_182287873.1;gbkey=CDS;inference=COORDINATES: similar to AA sequence:RefSeq:WP_006880283.1;locus_tag=Vspart_RS15590;product=DeoR/GlpR family DNA-binding transcription regulator;protein_id=WP_182287873.1;transl_table=11
WP_004093409.1_GCF_020150375.1	Hafnia paralvei str. AVS0177	NZ_CP083737.1	GCF_020150375.1	546367	Gammaproteobacteria	#F8EDE3	yihW	424520	425320	reverse	#3d5afe	 DeoR/GlpR family DNA-binding transcription regulator	ID=cds-WP_004093409.1;Parent=gene-K9N75_RS01905;Dbxref=Genbank:WP_004093409.1,GeneID:69636754;Name=WP_004093409.1;gbkey=CDS;inference=COORDINATES: similar to AA sequence:RefSeq:WP_004701058.1;locus_tag=K9N75_RS01905;product=DeoR/GlpR family DNA-binding transcription regulator;protein_id=WP_004093409.1;transl_table=11
WP_004093409.1_GCF_020150375.1	Hafnia paralvei str. AVS0177	NZ_CP083737.1	GCF_020150375.1	546367	Gammaproteobacteria	#F8EDE3	yihV	425358	426254	reverse	#00e5ff	 sugar kinase	ID=cds-WP_008814760.1;Parent=gene-K9N75_RS01910;Dbxref=Genbank:WP_008814760.1,GeneID:69636755;Name=WP_008814760.1;gbkey=CDS;inference=COORDINATES: similar to AA sequence:RefSeq:WP_000621656.1;locus_tag=K9N75_RS01910;product=sugar kinase;protein_id=WP_008814760.1;transl_table=11
WP_004093409.1_GCF_020150375.1	Hafnia paralvei str. AVS0177	NZ_CP083737.1	GCF_020150375.1	546367	Gammaproteobacteria	#F8EDE3	yihU	426545	427429	forward	#d500f9	 yihU	ID=cds-WP_039187773.1;Parent=gene-K9N75_RS01915;Dbxref=Genbank:WP_039187773.1,GeneID:69636756;Name=WP_039187773.1;gbkey=CDS;gene=yihU;inference=COORDINATES: similar to AA sequence:RefSeq:WP_004093406.1;locus_tag=K9N75_RS01915;product=sulfolactaldehyde 3-reductase;protein_id=WP_039187773.1;transl_table=11
WP_004093409.1_GCF_020150375.1	Hafnia paralvei str. AVS0177	NZ_CP083737.1	GCF_020150375.1	546367	Gammaproteobacteria	#F8EDE3	other	427492	428355	forward	#ffffff	 class II fructose-bisphosphate aldolase	ID=cds-WP_224452154.1;Parent=gene-K9N75_RS01920;Dbxref=Genbank:WP_224452154.1,GeneID:69636757;Name=WP_224452154.1;gbkey=CDS;inference=COORDINATES: similar to AA sequence:RefSeq:WP_008814762.1;locus_tag=K9N75_RS01920;product=class II fructose-bisphosphate aldolase;protein_id=WP_224452154.1;transl_table=11
WP_004093409.1_GCF_020150375.1	Hafnia paralvei str. AVS0177	NZ_CP083737.1	GCF_020150375.1	546367	Gammaproteobacteria	#F8EDE3	other	428379	429422	forward	#ffffff	 galactose mutarotase	ID=cds-WP_004093390.1;Parent=gene-K9N75_RS01925;Dbxref=Genbank:WP_004093390.1,GeneID:69636758;Name=WP_004093390.1;gbkey=CDS;inference=COORDINATES: similar to AA sequence:RefSeq:WP_004093390.1;locus_tag=K9N75_RS01925;product=galactose mutarotase;protein_id=WP_004093390.1;transl_table=11
WP_004093409.1_GCF_020150375.1	Hafnia paralvei str. AVS0177	NZ_CP083737.1	GCF_020150375.1	546367	Gammaproteobacteria	#F8EDE3	other	429449	430795	forward	#ffffff	 L-fucose/L-arabinose isomerase family protein	ID=cds-WP_224452155.1;Parent=gene-K9N75_RS01930;Dbxref=Genbank:WP_224452155.1,GeneID:69636759;Name=WP_224452155.1;gbkey=CDS;inference=COORDINATES: similar to AA sequence:RefSeq:WP_008814764.1;locus_tag=K9N75_RS01930;product=L-fucose/L-arabinose isomerase family protein;protein_id=WP_224452155.1;transl_table=11
WP_004093409.1_GCF_020150375.1	Hafnia paralvei str. AVS0177	NZ_CP083737.1	GCF_020150375.1	546367	Gammaproteobacteria	#F8EDE3	yihQ	430890	432920	forward	#FDF434	 alpha-glucosidase	ID=cds-WP_224452156.1;Parent=gene-K9N75_RS01935;Dbxref=Genbank:WP_224452156.1,GeneID:69636760;Name=WP_224452156.1;gbkey=CDS;inference=COORDINATES: similar to AA sequence:RefSeq:WP_004093386.1;locus_tag=K9N75_RS01935;product=alpha-glucosidase;protein_id=WP_224452156.1;transl_table=11
WP_004093409.1_GCF_020150375.1	Hafnia paralvei str. AVS0177	NZ_CP083737.1	GCF_020150375.1	546367	Gammaproteobacteria	#F8EDE3	yihP	433002	434420	forward	#1fada2	 MFS transporter	ID=cds-WP_224452157.1;Parent=gene-K9N75_RS01940;Dbxref=Genbank:WP_224452157.1,GeneID:69636761;Name=WP_224452157.1;gbkey=CDS;inference=COORDINATES: similar to AA sequence:RefSeq:WP_004093385.1;locus_tag=K9N75_RS01940;product=MFS transporter;protein_id=WP_224452157.1;transl_table=11
WP_004093409.1_GCF_020150375.1	Hafnia paralvei str. AVS0177	NZ_CP083737.1	GCF_020150375.1	546367	Gammaproteobacteria	#F8EDE3	yihO	434512	435903	forward	#26DC96	 MFS transporter	ID=cds-WP_008814767.1;Parent=gene-K9N75_RS01945;Dbxref=Genbank:WP_008814767.1,GeneID:69636762;Name=WP_008814767.1;gbkey=CDS;inference=COORDINATES: similar to AA sequence:RefSeq:WP_004093384.1;locus_tag=K9N75_RS01945;product=MFS transporter;protein_id=WP_008814767.1;transl_table=11
WP_004093409.1_GCF_020150375.1	Hafnia paralvei str. AVS0177	NZ_CP083737.1	GCF_020150375.1	546367	Gammaproteobacteria	#F8EDE3	ompL	436017	436706	forward	#c6ff00	 ompL	ID=cds-WP_061059289.1;Parent=gene-K9N75_RS01950;Dbxref=Genbank:WP_061059289.1,GeneID:69636763;Name=WP_061059289.1;gbkey=CDS;gene=ompL;inference=COORDINATES: similar to AA sequence:RefSeq:WP_014885758.1;locus_tag=K9N75_RS01950;product=porin OmpL;protein_id=WP_061059289.1;transl_table=11
WP_095924333.1_GCF_021276285.1	Rahnella victoriana str. JZ-GX1	NZ_CP089919.1	GCF_021276285.1	1510570	Gammaproteobacteria	#F8EDE3	yihO	1250202	1251617	reverse	#26DC96	 MFS transporter	ID=cds-WP_095924340.1;Parent=gene-J9880_RS05820;Dbxref=Genbank:WP_095924340.1;Name=WP_095924340.1;gbkey=CDS;inference=COORDINATES: similar to AA sequence:RefSeq:WP_013577349.1;locus_tag=J9880_RS05820;product=MFS transporter;protein_id=WP_095924340.1;transl_table=11
WP_095924333.1_GCF_021276285.1	Rahnella victoriana str. JZ-GX1	NZ_CP089919.1	GCF_021276285.1	1510570	Gammaproteobacteria	#F8EDE3	yihP	1251641	1253026	reverse	#1fada2	 MFS transporter	ID=cds-WP_131694000.1;Parent=gene-J9880_RS05825;Dbxref=Genbank:WP_131694000.1;Name=WP_131694000.1;gbkey=CDS;inference=COORDINATES: similar to AA sequence:RefSeq:WP_014885756.1;locus_tag=J9880_RS05825;product=MFS transporter;protein_id=WP_131694000.1;transl_table=11
WP_095924333.1_GCF_021276285.1	Rahnella victoriana str. JZ-GX1	NZ_CP089919.1	GCF_021276285.1	1510570	Gammaproteobacteria	#F8EDE3	yihQ	1253083	1255119	reverse	#FDF434	 alpha-glucosidase	ID=cds-WP_232770209.1;Parent=gene-J9880_RS05830;Dbxref=Genbank:WP_232770209.1;Name=WP_232770209.1;gbkey=CDS;inference=COORDINATES: similar to AA sequence:RefSeq:NP_462899.1;locus_tag=J9880_RS05830;product=alpha-glucosidase;protein_id=WP_232770209.1;transl_table=11
WP_095924333.1_GCF_021276285.1	Rahnella victoriana str. JZ-GX1	NZ_CP089919.1	GCF_021276285.1	1510570	Gammaproteobacteria	#F8EDE3	yihS	1255137	1256378	reverse	#651fff	 yihS	ID=cds-WP_133823655.1;Parent=gene-J9880_RS05835;Dbxref=Genbank:WP_133823655.1;Name=WP_133823655.1;gbkey=CDS;gene=yihS;inference=COORDINATES: similar to AA sequence:RefSeq:NP_462901.1;locus_tag=J9880_RS05835;product=sulfoquinovose isomerase;protein_id=WP_133823655.1;transl_table=11
WP_095924333.1_GCF_021276285.1	Rahnella victoriana str. JZ-GX1	NZ_CP089919.1	GCF_021276285.1	1510570	Gammaproteobacteria	#F8EDE3	yihT	1256394	1257272	reverse	#ffc400	 yihT	ID=cds-WP_119823711.1;Parent=gene-J9880_RS05840;Dbxref=Genbank:WP_119823711.1;Name=WP_119823711.1;gbkey=CDS;gene=yihT;inference=COORDINATES: similar to AA sequence:RefSeq:NP_312831.1;locus_tag=J9880_RS05840;product=sulfofructosephosphate aldolase;protein_id=WP_119823711.1;transl_table=11
WP_095924333.1_GCF_021276285.1	Rahnella victoriana str. JZ-GX1	NZ_CP089919.1	GCF_021276285.1	1510570	Gammaproteobacteria	#F8EDE3	yihU	1257295	1258191	reverse	#d500f9	 yihU	ID=cds-WP_095924335.1;Parent=gene-J9880_RS05845;Dbxref=Genbank:WP_095924335.1;Name=WP_095924335.1;gbkey=CDS;gene=yihU;inference=COORDINATES: similar to AA sequence:RefSeq:WP_015698987.1;locus_tag=J9880_RS05845;product=sulfolactaldehyde 3-reductase;protein_id=WP_095924335.1;transl_table=11
WP_095924333.1_GCF_021276285.1	Rahnella victoriana str. JZ-GX1	NZ_CP089919.1	GCF_021276285.1	1510570	Gammaproteobacteria	#F8EDE3	yihV	1258364	1259260	forward	#00e5ff	 sugar kinase	ID=cds-WP_119823715.1;Parent=gene-J9880_RS05850;Dbxref=Genbank:WP_119823715.1;Name=WP_119823715.1;gbkey=CDS;inference=COORDINATES: similar to AA sequence:RefSeq:NP_462904.3;locus_tag=J9880_RS05850;product=sugar kinase;protein_id=WP_119823715.1;transl_table=11
WP_095924333.1_GCF_021276285.1	Rahnella victoriana str. JZ-GX1	NZ_CP089919.1	GCF_021276285.1	1510570	Gammaproteobacteria	#F8EDE3	yihW	1259297	1260082	forward	#3d5afe	 DeoR/GlpR family DNA-binding transcription regulator	ID=cds-WP_095924333.1;Parent=gene-J9880_RS05855;Dbxref=Genbank:WP_095924333.1;Name=WP_095924333.1;gbkey=CDS;inference=COORDINATES: similar to AA sequence:RefSeq:WP_013577356.1;locus_tag=J9880_RS05855;product=DeoR/GlpR family DNA-binding transcription regulator;protein_id=WP_095924333.1;transl_table=11
WP_111739404.1_GCF_900478135.1	Leminorella richardii str. NCTC12151	NZ_LS483470.1	GCF_900478135.1	158841	Gammaproteobacteria	#F8EDE3	yihW	839245	840036	reverse	#3d5afe	 DeoR/GlpR family DNA-binding transcription regulator	ID=cds-WP_111739404.1;Parent=gene-DQM29_RS03915;Dbxref=Genbank:WP_111739404.1;Name=WP_111739404.1;gbkey=CDS;inference=COORDINATES: similar to AA sequence:RefSeq:WP_008501844.1;locus_tag=DQM29_RS03915;product=DeoR/GlpR family DNA-binding transcription regulator;protein_id=WP_111739404.1;transl_table=11
WP_111739404.1_GCF_900478135.1	Leminorella richardii str. NCTC12151	NZ_LS483470.1	GCF_900478135.1	158841	Gammaproteobacteria	#F8EDE3	yihV	840085	840981	reverse	#00e5ff	 sugar kinase	ID=cds-WP_111739405.1;Parent=gene-DQM29_RS03920;Dbxref=Genbank:WP_111739405.1;Name=WP_111739405.1;gbkey=CDS;inference=COORDINATES: similar to AA sequence:RefSeq:WP_008814760.1;locus_tag=DQM29_RS03920;product=sugar kinase;protein_id=WP_111739405.1;transl_table=11
WP_111739404.1_GCF_900478135.1	Leminorella richardii str. NCTC12151	NZ_LS483470.1	GCF_900478135.1	158841	Gammaproteobacteria	#F8EDE3	yihU	841180	842067	forward	#d500f9	 yihU	ID=cds-WP_111739406.1;Parent=gene-DQM29_RS03925;Dbxref=Genbank:WP_111739406.1;Name=WP_111739406.1;gbkey=CDS;gene=yihU;inference=COORDINATES: similar to AA sequence:RefSeq:WP_012907862.1;locus_tag=DQM29_RS03925;product=sulfolactaldehyde 3-reductase;protein_id=WP_111739406.1;transl_table=11
WP_111739404.1_GCF_900478135.1	Leminorella richardii str. NCTC12151	NZ_LS483470.1	GCF_900478135.1	158841	Gammaproteobacteria	#F8EDE3	other	842122	842985	forward	#ffffff	 class II fructose-bisphosphate aldolase	ID=cds-WP_111739407.1;Parent=gene-DQM29_RS03930;Dbxref=Genbank:WP_111739407.1;Name=WP_111739407.1;gbkey=CDS;inference=COORDINATES: similar to AA sequence:RefSeq:WP_004701052.1;locus_tag=DQM29_RS03930;product=class II fructose-bisphosphate aldolase;protein_id=WP_111739407.1;transl_table=11
WP_111739404.1_GCF_900478135.1	Leminorella richardii str. NCTC12151	NZ_LS483470.1	GCF_900478135.1	158841	Gammaproteobacteria	#F8EDE3	other	843041	844051	forward	#ffffff	 alcohol dehydrogenase catalytic domain-containing protein	ID=cds-WP_111739408.1;Parent=gene-DQM29_RS03935;Dbxref=Genbank:WP_111739408.1;Name=WP_111739408.1;gbkey=CDS;inference=COORDINATES: similar to AA sequence:RefSeq:WP_001494590.1;locus_tag=DQM29_RS03935;product=alcohol dehydrogenase catalytic domain-containing protein;protein_id=WP_111739408.1;transl_table=11
WP_111739404.1_GCF_900478135.1	Leminorella richardii str. NCTC12151	NZ_LS483470.1	GCF_900478135.1	158841	Gammaproteobacteria	#F8EDE3	other	844221	845666	forward	#ffffff	 MFS transporter	ID=cds-WP_111739409.1;Parent=gene-DQM29_RS03940;Dbxref=Genbank:WP_111739409.1;Name=WP_111739409.1;gbkey=CDS;inference=COORDINATES: similar to AA sequence:RefSeq:WP_016246439.1;locus_tag=DQM29_RS03940;product=MFS transporter;protein_id=WP_111739409.1;transl_table=11
WP_111739404.1_GCF_900478135.1	Leminorella richardii str. NCTC12151	NZ_LS483470.1	GCF_900478135.1	158841	Gammaproteobacteria	#F8EDE3	other	845721	847088	forward	#ffffff	 MHS family MFS transporter	ID=cds-WP_111739410.1;Parent=gene-DQM29_RS03945;Dbxref=Genbank:WP_111739410.1;Name=WP_111739410.1;gbkey=CDS;inference=COORDINATES: similar to AA sequence:RefSeq:WP_013365259.1;locus_tag=DQM29_RS03945;product=MHS family MFS transporter;protein_id=WP_111739410.1;transl_table=11
WP_111739404.1_GCF_900478135.1	Leminorella richardii str. NCTC12151	NZ_LS483470.1	GCF_900478135.1	158841	Gammaproteobacteria	#F8EDE3	other	847125	848039	forward	#ffffff	 aldose 1-epimerase	ID=cds-WP_111739411.1;Parent=gene-DQM29_RS03950;Dbxref=Genbank:WP_111739411.1;Name=WP_111739411.1;gbkey=CDS;inference=COORDINATES: similar to AA sequence:RefSeq:WP_001309103.1;locus_tag=DQM29_RS03950;product=aldose 1-epimerase;protein_id=WP_111739411.1;transl_table=11
WP_003847907.1_GCF_900638065.1	Citrobacter youngae str. NCTC13709	NZ_LR134485.1	GCF_900638065.1	133448	Gammaproteobacteria	#F8EDE3	yihW	4696045	4696848	reverse	#3d5afe	 DeoR/GlpR family DNA-binding transcription regulator	ID=cds-WP_003847907.1;Parent=gene-EL296_RS23215;Dbxref=Genbank:WP_003847907.1,GeneID:49775772;Name=WP_003847907.1;gbkey=CDS;inference=COORDINATES: similar to AA sequence:RefSeq:WP_016155173.1;locus_tag=EL296_RS23215;product=DeoR/GlpR family DNA-binding transcription regulator;protein_id=WP_003847907.1;transl_table=11
WP_003847907.1_GCF_900638065.1	Citrobacter youngae str. NCTC13709	NZ_LR134485.1	GCF_900638065.1	133448	Gammaproteobacteria	#F8EDE3	yihV	4696882	4697778	reverse	#00e5ff	 sugar kinase	ID=cds-WP_048214034.1;Parent=gene-EL296_RS23220;Dbxref=Genbank:WP_048214034.1,GeneID:49775773;Name=WP_048214034.1;gbkey=CDS;inference=COORDINATES: similar to AA sequence:RefSeq:NP_462904.3;locus_tag=EL296_RS23220;product=sugar kinase;protein_id=WP_048214034.1;transl_table=11
WP_003847907.1_GCF_900638065.1	Citrobacter youngae str. NCTC13709	NZ_LR134485.1	GCF_900638065.1	133448	Gammaproteobacteria	#F8EDE3	yihU	4697945	4698835	forward	#d500f9	 yihU	ID=cds-WP_126320218.1;Parent=gene-EL296_RS23225;Dbxref=Genbank:WP_126320218.1,GeneID:49775774;Name=WP_126320218.1;gbkey=CDS;gene=yihU;inference=COORDINATES: similar to AA sequence:RefSeq:WP_012907862.1;locus_tag=EL296_RS23225;product=sulfolactaldehyde 3-reductase;protein_id=WP_126320218.1;transl_table=11
WP_003847907.1_GCF_900638065.1	Citrobacter youngae str. NCTC13709	NZ_LR134485.1	GCF_900638065.1	133448	Gammaproteobacteria	#F8EDE3	yihT	4698855	4699730	forward	#ffc400	 yihT	ID=cds-WP_003028656.1;Parent=gene-EL296_RS23230;Dbxref=Genbank:WP_003028656.1,GeneID:49775775;Name=WP_003028656.1;gbkey=CDS;gene=yihT;inference=COORDINATES: similar to AA sequence:RefSeq:WP_003847913.1;locus_tag=EL296_RS23230;product=sulfofructosephosphate aldolase;protein_id=WP_003028656.1;transl_table=11
WP_003847907.1_GCF_900638065.1	Citrobacter youngae str. NCTC13709	NZ_LR134485.1	GCF_900638065.1	133448	Gammaproteobacteria	#F8EDE3	yihS	4699745	4700986	forward	#651fff	 yihS	ID=cds-WP_124022010.1;Parent=gene-EL296_RS23235;Dbxref=Genbank:WP_124022010.1,GeneID:49775776;Name=WP_124022010.1;gbkey=CDS;gene=yihS;inference=COORDINATES: similar to AA sequence:RefSeq:NP_462901.1;locus_tag=EL296_RS23235;product=sulfoquinovose isomerase;protein_id=WP_124022010.1;transl_table=11
WP_003847907.1_GCF_900638065.1	Citrobacter youngae str. NCTC13709	NZ_LR134485.1	GCF_900638065.1	133448	Gammaproteobacteria	#F8EDE3	yihR	4701005	4701847	forward	#ffaafe	 aldose-1-epimerase	ID=cds-WP_124022009.1;Parent=gene-EL296_RS23240;Dbxref=Genbank:WP_124022009.1,GeneID:49775777;Name=WP_124022009.1;gbkey=CDS;inference=COORDINATES: similar to AA sequence:RefSeq:WP_005121833.1;locus_tag=EL296_RS23240;product=aldose-1-epimerase;protein_id=WP_124022009.1;transl_table=11
WP_003847907.1_GCF_900638065.1	Citrobacter youngae str. NCTC13709	NZ_LR134485.1	GCF_900638065.1	133448	Gammaproteobacteria	#F8EDE3	yihQ	4701896	4703932	forward	#FDF434	 alpha-glucosidase	ID=cds-WP_124022008.1;Parent=gene-EL296_RS23245;Dbxref=Genbank:WP_124022008.1,GeneID:49775778;Name=WP_124022008.1;gbkey=CDS;inference=COORDINATES: similar to AA sequence:RefSeq:NP_462899.1;locus_tag=EL296_RS23245;product=alpha-glucosidase;protein_id=WP_124022008.1;transl_table=11
WP_003847907.1_GCF_900638065.1	Citrobacter youngae str. NCTC13709	NZ_LR134485.1	GCF_900638065.1	133448	Gammaproteobacteria	#F8EDE3	yihP	4703978	4705360	forward	#1fada2	 MFS transporter	ID=cds-WP_124022007.1;Parent=gene-EL296_RS23250;Dbxref=Genbank:WP_124022007.1,GeneID:49775779;Name=WP_124022007.1;gbkey=CDS;inference=COORDINATES: similar to AA sequence:RefSeq:NP_462898.1;locus_tag=EL296_RS23250;product=MFS transporter;protein_id=WP_124022007.1;transl_table=11
WP_003847907.1_GCF_900638065.1	Citrobacter youngae str. NCTC13709	NZ_LR134485.1	GCF_900638065.1	133448	Gammaproteobacteria	#F8EDE3	yihO	4705407	4706828	forward	#26DC96	 MFS transporter	ID=cds-WP_124022006.1;Parent=gene-EL296_RS23255;Dbxref=Genbank:WP_124022006.1,GeneID:49775780;Name=WP_124022006.1;gbkey=CDS;inference=COORDINATES: similar to AA sequence:RefSeq:WP_019077944.1;locus_tag=EL296_RS23255;product=MFS transporter;protein_id=WP_124022006.1;transl_table=11
WP_003847907.1_GCF_900638065.1	Citrobacter youngae str. NCTC13709	NZ_LR134485.1	GCF_900638065.1	133448	Gammaproteobacteria	#F8EDE3	ompL	4706895	4707587	forward	#c6ff00	 ompL	ID=cds-WP_048214041.1;Parent=gene-EL296_RS23260;Dbxref=Genbank:WP_048214041.1,GeneID:49775781;Name=WP_048214041.1;gbkey=CDS;gene=ompL;inference=COORDINATES: similar to AA sequence:RefSeq:NP_418311.1;locus_tag=EL296_RS23260;product=porin OmpL;protein_id=WP_048214041.1;transl_table=11
